0.000000	212.508595	219.088949	214.490742	212.452497	0.000000	0.000000	0.000000	0.000000	0.000000	0.000000	0.000000	0.000000	1650927624.319676	0.000000
101.000000	-260.869242	-255.672651	-266.187379	-265.652574	0.000000	0.000000	0.000000	0.000000	0.000000	0.000000	0.000000	0.000000	1650927624.343890	0.000000
101.000000	110.476645	114.581185	115.607787	114.848588	0.000000	0.000000	0.000000	0.000000	0.000000	0.000000	0.000000	0.000000	1650927624.343890	0.000000
102.000000	139.700223	142.275144	140.934390	144.356398	0.000000	0.000000	0.000000	0.000000	0.000000	0.000000	0.000000	0.000000	1650927624.367636	0.000000
102.000000	-67.370558	-65.947526	-71.024440	-68.339192	0.000000	0.000000	0.000000	0.000000	0.000000	0.000000	0.000000	0.000000	1650927624.367636	0.000000
103.000000	-49.957584	-37.352251	-43.850327	-42.911612	0.000000	0.000000	0.000000	0.000000	0.000000	0.000000	0.000000	0.000000	1650927624.391631	0.000000
103.000000	53.491789	58.703340	53.798461	56.517368	0.000000	0.000000	0.000000	0.000000	0.000000	0.000000	0.000000	0.000000	1650927624.391631	0.000000
104.000000	192.904040	197.685502	191.868087	193.910073	0.000000	0.000000	0.000000	0.000000	0.000000	0.000000	0.000000	0.000000	1650927624.439622	0.000000
104.000000	-238.661716	-238.117560	-235.497760	-233.504394	0.000000	0.000000	0.000000	0.000000	0.000000	0.000000	0.000000	0.000000	1650927624.439622	0.000000
105.000000	72.213728	78.992297	71.065579	70.119384	0.000000	0.000000	0.000000	0.000000	0.000000	0.000000	0.000000	0.000000	1650927624.487649	0.000000
105.000000	221.918184	225.671173	220.339946	221.566633	0.000000	0.000000	0.000000	0.000000	0.000000	0.000000	0.000000	0.000000	1650927624.487649	0.000000
106.000000	-260.132481	-254.692797	-254.201000	-259.635075	0.000000	0.000000	0.000000	0.000000	0.000000	0.000000	0.000000	0.000000	1650927624.511618	0.000000
106.000000	115.607787	128.501093	117.062609	118.326695	0.000000	0.000000	0.000000	0.000000	0.000000	0.000000	0.000000	0.000000	1650927624.511618	0.000000
107.000000	149.027533	152.051243	147.613851	148.159877	0.000000	0.000000	0.000000	0.000000	0.000000	0.000000	0.000000	0.000000	1650927624.535617	0.000000
107.000000	-69.588318	-63.482932	-71.058099	-64.273921	0.000000	0.000000	0.000000	0.000000	0.000000	0.000000	0.000000	0.000000	1650927624.535617	0.000000
108.000000	-46.150365	-36.955821	-36.901593	-39.153013	0.000000	0.000000	0.000000	0.000000	0.000000	0.000000	0.000000	0.000000	1650927624.559678	0.000000
108.000000	52.137945	52.412828	55.743209	51.416145	0.000000	0.000000	0.000000	0.000000	0.000000	0.000000	0.000000	0.000000	1650927624.559678	0.000000
109.000000	192.178499	194.850658	187.974852	190.850835	0.000000	0.000000	0.000000	0.000000	0.000000	0.000000	0.000000	0.000000	1650927624.583647	0.000000
109.000000	-227.004448	-215.098476	-219.864978	-222.901777	0.000000	0.000000	0.000000	0.000000	0.000000	0.000000	0.000000	0.000000	1650927624.583647	0.000000
110.000000	84.592797	94.019215	85.860623	88.037245	0.000000	0.000000	0.000000	0.000000	0.000000	0.000000	0.000000	0.000000	1650927624.607659	0.000000
110.000000	218.892605	212.832097	213.200477	215.373359	0.000000	0.000000	0.000000	0.000000	0.000000	0.000000	0.000000	0.000000	1650927624.607659	0.000000
111.000000	-263.214159	-264.618491	-263.958399	-262.066010	0.000000	0.000000	0.000000	0.000000	0.000000	0.000000	0.000000	0.000000	1650927624.631636	0.000000
111.000000	119.946071	109.981108	114.414759	114.975744	0.000000	0.000000	0.000000	0.000000	0.000000	0.000000	0.000000	0.000000	1650927624.631636	0.000000
112.000000	143.283047	154.366241	142.325633	144.146964	0.000000	0.000000	0.000000	0.000000	0.000000	0.000000	0.000000	0.000000	1650927624.655622	0.000000
112.000000	-75.074752	-66.497291	-78.223747	-73.690989	0.000000	0.000000	0.000000	0.000000	0.000000	0.000000	0.000000	0.000000	1650927624.655622	0.000000
113.000000	-38.487310	-31.824679	-36.411666	-36.306949	0.000000	0.000000	0.000000	0.000000	0.000000	0.000000	0.000000	0.000000	1650927624.679711	0.000000
113.000000	57.190550	57.917961	55.541254	51.079554	0.000000	0.000000	0.000000	0.000000	0.000000	0.000000	0.000000	0.000000	1650927624.679711	0.000000
114.000000	185.364401	191.458568	185.143747	187.028657	0.000000	0.000000	0.000000	0.000000	0.000000	0.000000	0.000000	0.000000	1650927624.703622	0.000000
114.000000	-220.904671	-212.981693	-219.019761	-220.141731	0.000000	0.000000	0.000000	0.000000	0.000000	0.000000	0.000000	0.000000	1650927624.703622	0.000000
115.000000	84.379623	88.012936	81.492420	84.484340	0.000000	0.000000	0.000000	0.000000	0.000000	0.000000	0.000000	0.000000	1650927624.728192	0.000000
115.000000	212.287941	211.407195	214.247649	218.137145	0.000000	0.000000	0.000000	0.000000	0.000000	0.000000	0.000000	0.000000	1650927624.728192	0.000000
116.000000	-267.664640	-258.481315	-263.786364	-268.038630	0.000000	0.000000	0.000000	0.000000	0.000000	0.000000	0.000000	0.000000	1650927624.751667	0.000000
116.000000	113.300269	117.909696	112.537330	113.692959	0.000000	0.000000	0.000000	0.000000	0.000000	0.000000	0.000000	0.000000	1650927624.751667	0.000000
117.000000	143.058653	147.892474	143.200769	146.865871	0.000000	0.000000	0.000000	0.000000	0.000000	0.000000	0.000000	0.000000	1650927624.775608	0.000000
117.000000	-79.338238	-76.894213	-80.927695	-78.451881	0.000000	0.000000	0.000000	0.000000	0.000000	0.000000	0.000000	0.000000	1650927624.775608	0.000000
118.000000	-35.125140	-28.447549	-33.823655	-32.402493	0.000000	0.000000	0.000000	0.000000	0.000000	0.000000	0.000000	0.000000	1650927624.799703	0.000000
118.000000	52.990642	53.777891	54.221070	55.657191	0.000000	0.000000	0.000000	0.000000	0.000000	0.000000	0.000000	0.000000	1650927624.799703	0.000000
119.000000	181.631981	187.872004	183.068103	180.708226	0.000000	0.000000	0.000000	0.000000	0.000000	0.000000	0.000000	0.000000	1650927624.824211	0.000000
119.000000	-214.939530	-211.014505	-214.932050	-215.762308	0.000000	0.000000	0.000000	0.000000	0.000000	0.000000	0.000000	0.000000	1650927624.824211	0.000000
120.000000	80.146056	91.820154	82.651789	81.701854	0.000000	0.000000	0.000000	0.000000	0.000000	0.000000	0.000000	0.000000	1650927624.847773	0.000000
120.000000	211.498822	213.931627	212.800307	214.752535	0.000000	0.000000	0.000000	0.000000	0.000000	0.000000	0.000000	0.000000	1650927624.847773	0.000000
121.000000	-268.678153	-265.366471	-266.654867	-269.093282	0.000000	0.000000	0.000000	0.000000	0.000000	0.000000	0.000000	0.000000	1650927624.871615	0.000000
121.000000	114.489557	118.336044	118.195798	122.096514	0.000000	0.000000	0.000000	0.000000	0.000000	0.000000	0.000000	0.000000	1650927624.871615	0.000000
122.000000	143.671997	150.487964	152.980608	149.046233	0.000000	0.000000	0.000000	0.000000	0.000000	0.000000	0.000000	0.000000	1650927624.895633	0.000000
122.000000	-85.251019	-81.789742	-81.690635	-82.651789	0.000000	0.000000	0.000000	0.000000	0.000000	0.000000	0.000000	0.000000	1650927624.895633	0.000000
123.000000	-34.713751	-27.650950	-32.372574	-31.762970	0.000000	0.000000	0.000000	0.000000	0.000000	0.000000	0.000000	0.000000	1650927624.919637	0.000000
123.000000	55.346779	56.190127	50.787841	53.057961	0.000000	0.000000	0.000000	0.000000	0.000000	0.000000	0.000000	0.000000	1650927624.919637	0.000000
124.000000	179.638615	186.768734	180.648388	178.722339	0.000000	0.000000	0.000000	0.000000	0.000000	0.000000	0.000000	0.000000	1650927624.943637	0.000000
124.000000	-215.900685	-211.452074	-218.608372	-218.533574	0.000000	0.000000	0.000000	0.000000	0.000000	0.000000	0.000000	0.000000	1650927624.943637	0.000000
125.000000	81.585918	88.626279	82.221701	81.410142	0.000000	0.000000	0.000000	0.000000	0.000000	0.000000	0.000000	0.000000	1650927624.967628	0.000000
125.000000	213.241616	219.724732	217.658438	215.990442	0.000000	0.000000	0.000000	0.000000	0.000000	0.000000	0.000000	0.000000	1650927624.967628	0.000000
126.000000	-269.815082	-261.349819	-265.136467	-267.077476	0.000000	0.000000	0.000000	0.000000	0.000000	0.000000	0.000000	0.000000	1650927624.991625	0.000000
126.000000	112.301716	121.174629	120.787549	117.885387	0.000000	0.000000	0.000000	0.000000	0.000000	0.000000	0.000000	0.000000	1650927624.991625	0.000000
127.000000	148.343132	154.115667	148.320692	152.393443	0.000000	0.000000	0.000000	0.000000	0.000000	0.000000	0.000000	0.000000	1650927625.015606	0.000000
127.000000	-89.084417	-79.497183	-89.282632	-85.606310	0.000000	0.000000	0.000000	0.000000	0.000000	0.000000	0.000000	0.000000	1650927625.015606	0.000000
128.000000	-25.049850	-21.379138	-25.771651	-27.035737	0.000000	0.000000	0.000000	0.000000	0.000000	0.000000	0.000000	0.000000	1650927625.039625	0.000000
128.000000	55.189704	58.224632	56.008742	56.610866	0.000000	0.000000	0.000000	0.000000	0.000000	0.000000	0.000000	0.000000	1650927625.039625	0.000000
129.000000	177.495652	183.937630	174.982439	179.242185	0.000000	0.000000	0.000000	0.000000	0.000000	0.000000	0.000000	0.000000	1650927625.063639	0.000000
129.000000	-216.110119	-215.453766	-214.258868	-217.243309	0.000000	0.000000	0.000000	0.000000	0.000000	0.000000	0.000000	0.000000	1650927625.063639	0.000000
130.000000	79.801985	79.493444	79.648649	79.506533	0.000000	0.000000	0.000000	0.000000	0.000000	0.000000	0.000000	0.000000	1650927625.087646	0.000000
130.000000	217.875352	223.157960	218.009988	221.431997	0.000000	0.000000	0.000000	0.000000	0.000000	0.000000	0.000000	0.000000	1650927625.087646	0.000000
131.000000	-271.584055	-265.531027	-270.286310	711.181246	0.000000	0.000000	0.000000	0.000000	0.000000	0.000000	0.000000	0.000000	1650927625.111614	0.000000
131.000000	120.406079	121.369103	119.635660	1098.029017	0.000000	0.000000	0.000000	0.000000	0.000000	0.000000	0.000000	0.000000	1650927625.111614	0.000000
132.000000	153.358338	155.701385	151.196675	1129.803207	0.000000	0.000000	0.000000	0.000000	0.000000	0.000000	0.000000	0.000000	1650927625.135606	0.000000
132.000000	-93.033751	-94.045394	-95.326310	886.949064	0.000000	0.000000	0.000000	0.000000	0.000000	0.000000	0.000000	0.000000	1650927625.135606	0.000000
133.000000	-46.019469	-54.836283	-46.236383	932.852596	0.000000	0.000000	0.000000	0.000000	0.000000	0.000000	0.000000	0.000000	1650927625.159612	0.000000
133.000000	59.322293	69.126441	62.336652	1040.703831	0.000000	0.000000	0.000000	0.000000	0.000000	0.000000	0.000000	0.000000	1650927625.159612	0.000000
134.000000	181.295390	191.264094	182.024671	1164.726393	0.000000	0.000000	0.000000	0.000000	0.000000	0.000000	0.000000	0.000000	1650927625.183665	0.000000
134.000000	-203.846987	-198.022093	-206.281662	772.279991	0.000000	0.000000	0.000000	0.000000	0.000000	0.000000	0.000000	0.000000	1650927625.183665	0.000000
135.000000	87.670735	84.890119	81.499900	1064.796266	0.000000	0.000000	0.000000	0.000000	0.000000	0.000000	0.000000	0.000000	1650927625.207658	0.000000
135.000000	217.628518	220.446533	219.184317	1199.825354	0.000000	0.000000	0.000000	0.000000	0.000000	0.000000	0.000000	0.000000	1650927625.207658	0.000000
136.000000	-269.160600	-260.025894	-266.602508	709.745124	0.000000	0.000000	0.000000	0.000000	0.000000	0.000000	0.000000	0.000000	1650927625.231640	0.000000
136.000000	121.655206	123.919715	123.334421	1099.917667	0.000000	0.000000	0.000000	0.000000	0.000000	0.000000	0.000000	0.000000	1650927625.231640	0.000000
137.000000	148.810619	158.386633	155.598538	1133.539367	0.000000	0.000000	0.000000	0.000000	0.000000	0.000000	0.000000	0.000000	1650927625.255641	0.000000
137.000000	-93.901408	-92.500816	-99.948826	885.890672	0.000000	0.000000	0.000000	0.000000	0.000000	0.000000	0.000000	0.000000	1650927625.255641	0.000000
138.000000	-24.458946	-17.863632	-22.499238	959.323608	0.000000	0.000000	0.000000	0.000000	0.000000	0.000000	0.000000	0.000000	1650927625.279640	0.000000
138.000000	58.985702	62.895768	57.695437	1038.407532	0.000000	0.000000	0.000000	0.000000	0.000000	0.000000	0.000000	0.000000	1650927625.279640	0.000000
139.000000	170.386102	171.109773	170.240246	1156.711787	0.000000	0.000000	0.000000	0.000000	0.000000	0.000000	0.000000	0.000000	1650927625.303640	0.000000
139.000000	-215.268641	-205.236360	-209.539115	768.790664	0.000000	0.000000	0.000000	0.000000	0.000000	0.000000	0.000000	0.000000	1650927625.303640	0.000000
140.000000	75.680616	83.902786	74.584825	1057.028494	0.000000	0.000000	0.000000	0.000000	0.000000	0.000000	0.000000	0.000000	1650927625.327630	0.000000
140.000000	218.698130	221.912574	215.111566	1201.994496	0.000000	0.000000	0.000000	0.000000	0.000000	0.000000	0.000000	0.000000	1650927625.327630	0.000000
141.000000	705.122608	-265.994774	-270.136714	1688.785484	0.000000	0.000000	0.000000	0.000000	0.000000	0.000000	0.000000	0.000000	1650927625.351631	0.000000
141.000000	1099.805470	121.159669	115.779823	2077.895895	0.000000	0.000000	0.000000	0.000000	0.000000	0.000000	0.000000	0.000000	1650927625.351631	0.000000
142.000000	1134.010595	155.114221	152.853451	2108.675272	0.000000	0.000000	0.000000	0.000000	0.000000	0.000000	0.000000	0.000000	1650927625.375679	0.000000
142.000000	875.886440	-90.672004	-104.855575	1858.244091	0.000000	0.000000	0.000000	0.000000	0.000000	0.000000	0.000000	0.000000	1650927625.375679	0.000000
143.000000	964.660445	-7.724763	-17.080123	1946.737604	0.000000	0.000000	0.000000	0.000000	0.000000	0.000000	0.000000	0.000000	1650927625.399639	0.000000
143.000000	1034.525516	61.964532	60.878091	2020.982098	0.000000	0.000000	0.000000	0.000000	0.000000	0.000000	0.000000	0.000000	1650927625.399639	0.000000
144.000000	1151.086978	175.833266	165.385856	2129.214802	0.000000	0.000000	0.000000	0.000000	0.000000	0.000000	0.000000	0.000000	1650927625.423699	0.000000
144.000000	768.424154	-204.275206	-208.738776	1754.428208	0.000000	0.000000	0.000000	0.000000	0.000000	0.000000	0.000000	0.000000	1650927625.423699	0.000000
145.000000	1054.601299	83.349280	78.104071	2035.578927	0.000000	0.000000	0.000000	0.000000	0.000000	0.000000	0.000000	0.000000	1650927625.447678	0.000000
145.000000	1197.603853	224.440746	215.754828	2177.541790	0.000000	0.000000	0.000000	0.000000	0.000000	0.000000	0.000000	0.000000	1650927625.447678	0.000000
146.000000	708.813889	-261.394698	-267.058776	1692.547823	0.000000	0.000000	0.000000	0.000000	0.000000	0.000000	0.000000	0.000000	1650927625.471689	0.000000
146.000000	1096.970625	113.971581	120.536976	2081.890108	0.000000	0.000000	0.000000	0.000000	0.000000	0.000000	0.000000	0.000000	1650927625.471689	0.000000
147.000000	1136.060060	154.998284	157.618084	2118.058681	0.000000	0.000000	0.000000	0.000000	0.000000	0.000000	0.000000	0.000000	1650927625.495664	0.000000
147.000000	877.191665	-99.165317	-111.183486	1855.499004	0.000000	0.000000	0.000000	0.000000	0.000000	0.000000	0.000000	0.000000	1650927625.495664	0.000000
148.000000	960.632573	-7.863140	-13.691774	1945.671732	0.000000	0.000000	0.000000	0.000000	0.000000	0.000000	0.000000	0.000000	1650927625.519625	0.000000
148.000000	1039.136813	71.871527	62.385271	2023.401813	0.000000	0.000000	0.000000	0.000000	0.000000	0.000000	0.000000	0.000000	1650927625.519625	0.000000
149.000000	1151.191695	171.225710	168.340377	2124.177157	0.000000	0.000000	0.000000	0.000000	0.000000	0.000000	0.000000	0.000000	1650927625.543622	0.000000
149.000000	774.740845	-195.770673	-204.303255	1757.027439	0.000000	0.000000	0.000000	0.000000	0.000000	0.000000	0.000000	0.000000	1650927625.543622	0.000000
150.000000	1056.059860	76.172412	72.793413	2042.209770	0.000000	0.000000	0.000000	0.000000	0.000000	0.000000	0.000000	0.000000	1650927625.567708	0.000000
150.000000	1202.454504	220.891581	219.139438	2182.149346	0.000000	0.000000	0.000000	0.000000	0.000000	0.000000	0.000000	0.000000	1650927625.567708	0.000000
151.000000	712.677206	-259.678083	-266.262177	2671.760219	0.000000	0.000000	0.000000	0.000000	0.000000	0.000000	0.000000	0.000000	1650927625.591652	0.000000
151.000000	1096.626555	115.355344	123.181085	3061.420395	0.000000	0.000000	0.000000	0.000000	0.000000	0.000000	0.000000	0.000000	1650927625.591652	0.000000
152.000000	1136.995035	160.600654	155.703255	3097.633847	0.000000	0.000000	0.000000	0.000000	0.000000	0.000000	0.000000	0.000000	1650927625.615744	0.000000
152.000000	870.134473	-99.464509	-111.594875	2833.776425	0.000000	0.000000	0.000000	0.000000	0.000000	0.000000	0.000000	0.000000	1650927625.615744	0.000000
153.000000	970.124439	-7.275975	-7.363863	2930.273324	0.000000	0.000000	0.000000	0.000000	0.000000	0.000000	0.000000	0.000000	1650927625.639673	0.000000
153.000000	1041.590187	62.869588	63.899931	3004.461719	0.000000	0.000000	0.000000	0.000000	0.000000	0.000000	0.000000	0.000000	1650927625.639673	0.000000
154.000000	1142.791880	165.709357	160.509026	3103.486790	0.000000	0.000000	0.000000	0.000000	0.000000	0.000000	0.000000	0.000000	1650927625.663777	0.000000
154.000000	773.865709	-203.527226	-203.674952	2738.203282	0.000000	0.000000	0.000000	0.000000	0.000000	0.000000	0.000000	0.000000	1650927625.663777	0.000000
155.000000	1053.595266	74.702632	76.503393	3015.198972	0.000000	0.000000	0.000000	0.000000	0.000000	0.000000	0.000000	0.000000	1650927625.687685	0.000000
155.000000	1196.287409	227.298030	219.277814	3159.091623	0.000000	0.000000	0.000000	0.000000	0.000000	0.000000	0.000000	0.000000	1650927625.687685	0.000000
156.000000	711.285963	710.034966	-269.803863	2672.126729	0.000000	0.000000	0.000000	0.000000	0.000000	0.000000	0.000000	0.000000	1650927625.711721	0.000000
156.000000	1098.070156	1107.907963	120.862347	3061.730807	0.000000	0.000000	0.000000	0.000000	0.000000	0.000000	0.000000	0.000000	1650927625.711721	0.000000
157.000000	1139.564346	1138.994011	158.459561	3102.895886	0.000000	0.000000	0.000000	0.000000	0.000000	0.000000	0.000000	0.000000	1650927625.735660	0.000000
157.000000	866.278637	868.543146	-112.432612	2829.015532	0.000000	0.000000	0.000000	0.000000	0.000000	0.000000	0.000000	0.000000	1650927625.735660	0.000000
158.000000	974.993788	975.556643	-1.301485	2940.026983	0.000000	0.000000	0.000000	0.000000	0.000000	0.000000	0.000000	0.000000	1650927625.760364	0.000000
158.000000	1044.765362	1055.672780	64.438476	3007.431200	0.000000	0.000000	0.000000	0.000000	0.000000	0.000000	0.000000	0.000000	1650927625.760364	0.000000
159.000000	1135.054027	1137.681306	156.267980	3101.197971	0.000000	0.000000	0.000000	0.000000	0.000000	0.000000	0.000000	0.000000	1650927625.783680	0.000000
159.000000	776.304123	786.560799	-202.332328	2743.386783	0.000000	0.000000	0.000000	0.000000	0.000000	0.000000	0.000000	0.000000	1650927625.783680	0.000000
160.000000	1053.984215	1060.164400	73.724648	3016.059149	0.000000	0.000000	0.000000	0.000000	0.000000	0.000000	0.000000	0.000000	1650927625.807624	0.000000
160.000000	1199.922591	1208.795504	219.057160	3163.564543	0.000000	0.000000	0.000000	0.000000	0.000000	0.000000	0.000000	0.000000	1650927625.807624	0.000000
161.000000	712.336875	1695.522914	707.344108	3648.683796	0.000000	0.000000	0.000000	0.000000	0.000000	0.000000	0.000000	0.000000	1650927625.831617	0.000000
161.000000	1075.645716	2054.123221	1072.762253	4013.799009	0.000000	0.000000	0.000000	0.000000	0.000000	0.000000	0.000000	0.000000	1650927625.831617	0.000000
162.000000	1150.062245	2129.055857	1151.883577	4095.190451	0.000000	0.000000	0.000000	0.000000	0.000000	0.000000	0.000000	0.000000	1650927625.855707	0.000000
162.000000	865.560576	1848.832633	862.276944	3805.729675	0.000000	0.000000	0.000000	0.000000	0.000000	0.000000	0.000000	0.000000	1650927625.855707	0.000000
163.000000	981.149664	1962.675187	982.275374	3923.308389	0.000000	0.000000	0.000000	0.000000	0.000000	0.000000	0.000000	0.000000	1650927625.879647	0.000000
163.000000	1047.435651	2034.215734	1047.884439	3990.604149	0.000000	0.000000	0.000000	0.000000	0.000000	0.000000	0.000000	0.000000	1650927625.879647	0.000000
164.000000	1139.642884	2124.175287	1137.204469	4083.697739	0.000000	0.000000	0.000000	0.000000	0.000000	0.000000	0.000000	0.000000	1650927625.903657	0.000000
164.000000	779.172627	1768.536981	784.685239	3723.840825	0.000000	0.000000	0.000000	0.000000	0.000000	0.000000	0.000000	0.000000	1650927625.903657	0.000000
165.000000	1052.615412	2035.842590	1055.880345	3999.744465	0.000000	0.000000	0.000000	0.000000	0.000000	0.000000	0.000000	0.000000	1650927625.927619	0.000000
165.000000	1204.316974	2187.862044	1205.465123	4146.221386	0.000000	0.000000	0.000000	0.000000	0.000000	0.000000	0.000000	0.000000	1650927625.927619	0.000000
166.000000	1692.256111	1698.017427	1690.879828	4628.531974	0.000000	0.000000	0.000000	0.000000	0.000000	0.000000	0.000000	0.000000	1650927625.951609	0.000000
166.000000	2077.525645	2084.042421	2078.191347	5021.745056	0.000000	0.000000	0.000000	0.000000	0.000000	0.000000	0.000000	0.000000	1650927625.951609	0.000000
167.000000	2121.903298	2126.939073	2123.309500	5062.711920	0.000000	0.000000	0.000000	0.000000	0.000000	0.000000	0.000000	0.000000	1650927625.975670	0.000000
167.000000	1837.835457	1847.426430	1837.536265	4781.523802	0.000000	0.000000	0.000000	0.000000	0.000000	0.000000	0.000000	0.000000	1650927625.975670	0.000000
168.000000	1955.960197	1963.879435	1959.606599	4903.306164	0.000000	0.000000	0.000000	0.000000	0.000000	0.000000	0.000000	0.000000	1650927625.999603	0.000000
168.000000	2027.538142	2033.164822	2024.434025	4967.404309	0.000000	0.000000	0.000000	0.000000	0.000000	0.000000	0.000000	0.000000	1650927625.999603	0.000000
169.000000	2113.080874	2117.970793	2114.629193	5051.653036	0.000000	0.000000	0.000000	0.000000	0.000000	0.000000	0.000000	0.000000	1650927626.023672	0.000000
169.000000	1762.929001	1768.940890	1762.547531	4699.264702	0.000000	0.000000	0.000000	0.000000	0.000000	0.000000	0.000000	0.000000	1650927626.023672	0.000000
170.000000	2035.743483	2035.087130	2038.036041	4974.771912	0.000000	0.000000	0.000000	0.000000	0.000000	0.000000	0.000000	0.000000	1650927626.047633	0.000000
170.000000	2179.868007	2182.772040	2185.242244	5123.272120	0.000000	0.000000	0.000000	0.000000	0.000000	0.000000	0.000000	0.000000	1650927626.047633	0.000000
171.000000	1690.494618	2668.560735	2672.646575	5611.128979	0.000000	0.000000	0.000000	0.000000	0.000000	0.000000	0.000000	0.000000	1650927626.071636	0.000000
171.000000	2080.581143	3061.725197	3060.900549	6004.768409	0.000000	0.000000	0.000000	0.000000	0.000000	0.000000	0.000000	0.000000	1650927626.071636	0.000000
172.000000	2119.520982	3106.824651	3103.486790	6037.118544	0.000000	0.000000	0.000000	0.000000	0.000000	0.000000	0.000000	0.000000	1650927626.095628	0.000000
172.000000	1833.538312	2819.970584	2810.667583	5755.679853	0.000000	0.000000	0.000000	0.000000	0.000000	0.000000	0.000000	0.000000	1650927626.095628	0.000000
173.000000	1962.538681	2945.440488	2949.126159	5886.755866	0.000000	0.000000	0.000000	0.000000	0.000000	0.000000	0.000000	0.000000	1650927626.119653	0.000000
173.000000	2026.049662	3016.334031	3007.906167	5952.189156	0.000000	0.000000	0.000000	0.000000	0.000000	0.000000	0.000000	0.000000	1650927626.119653	0.000000
174.000000	2106.827761	3086.782527	3087.278064	6026.572026	0.000000	0.000000	0.000000	0.000000	0.000000	0.000000	0.000000	0.000000	1650927626.143613	0.000000
174.000000	1760.501806	2750.827314	2745.006160	5686.899352	0.000000	0.000000	0.000000	0.000000	0.000000	0.000000	0.000000	0.000000	1650927626.143613	0.000000
175.000000	2033.989470	3014.265867	3010.355801	5952.215335	0.000000	0.000000	0.000000	0.000000	0.000000	0.000000	0.000000	0.000000	1650927626.167645	0.000000
175.000000	2186.712024	3164.359272	3160.456686	6108.079406	0.000000	0.000000	0.000000	0.000000	0.000000	0.000000	0.000000	0.000000	1650927626.167645	0.000000
176.000000	2667.047945	3651.535469	2672.915848	6592.117827	0.000000	0.000000	0.000000	0.000000	0.000000	0.000000	0.000000	0.000000	1650927626.191635	0.000000
176.000000	3055.320619	4042.990798	3060.904289	6980.532617	0.000000	0.000000	0.000000	0.000000	0.000000	0.000000	0.000000	0.000000	1650927626.191635	0.000000
177.000000	3105.304381	4088.976608	3103.984197	7025.385237	0.000000	0.000000	0.000000	0.000000	0.000000	0.000000	0.000000	0.000000	1650927626.215624	0.000000
177.000000	2812.085005	3796.875462	2808.891131	6731.227146	0.000000	0.000000	0.000000	0.000000	0.000000	0.000000	0.000000	0.000000	1650927626.215624	0.000000
178.000000	2945.741550	3935.891283	2947.151492	6867.853171	0.000000	0.000000	0.000000	0.000000	0.000000	0.000000	0.000000	0.000000	1650927626.239611	0.000000
178.000000	3015.393447	3997.895084	3008.362435	6936.790747	0.000000	0.000000	0.000000	0.000000	0.000000	0.000000	0.000000	0.000000	1650927626.239611	0.000000
179.000000	3087.251884	4077.431537	3085.449253	7003.271209	0.000000	0.000000	0.000000	0.000000	0.000000	0.000000	0.000000	0.000000	1650927626.263624	0.000000
179.000000	2745.537225	3740.466551	2748.035479	6672.439659	0.000000	0.000000	0.000000	0.000000	0.000000	0.000000	0.000000	0.000000	1650927626.263624	0.000000
180.000000	3009.746198	3993.313707	3008.280157	6928.918258	0.000000	0.000000	0.000000	0.000000	0.000000	0.000000	0.000000	0.000000	1650927626.287612	0.000000
180.000000	3166.990291	4148.803787	3163.463566	7084.232563	0.000000	0.000000	0.000000	0.000000	0.000000	0.000000	0.000000	0.000000	1650927626.287612	0.000000
181.000000	3643.605012	4635.706972	3648.418263	7572.478372	0.000000	0.000000	0.000000	0.000000	0.000000	0.000000	0.000000	0.000000	1650927626.311635	0.000000
181.000000	4040.468235	5020.643655	4043.018847	7962.789291	0.000000	0.000000	0.000000	0.000000	0.000000	0.000000	0.000000	0.000000	1650927626.311635	0.000000
182.000000	4080.735738	5068.581693	4086.080055	8006.329206	0.000000	0.000000	0.000000	0.000000	0.000000	0.000000	0.000000	0.000000	1650927626.335650	0.000000
182.000000	3784.902172	4771.005333	3786.630006	7708.891223	0.000000	0.000000	0.000000	0.000000	0.000000	0.000000	0.000000	0.000000	1650927626.335650	0.000000
183.000000	3927.209105	4910.021154	3930.036469	7854.133978	0.000000	0.000000	0.000000	0.000000	0.000000	0.000000	0.000000	0.000000	1650927626.359714	0.000000
183.000000	3988.543464	4982.511635	3994.691860	7914.993370	0.000000	0.000000	0.000000	0.000000	0.000000	0.000000	0.000000	0.000000	1650927626.359714	0.000000
184.000000	4071.980632	5052.874113	4065.727520	7987.420272	0.000000	0.000000	0.000000	0.000000	0.000000	0.000000	0.000000	0.000000	1650927626.383649	0.000000
184.000000	3731.167289	4720.206272	3733.463588	7652.198080	0.000000	0.000000	0.000000	0.000000	0.000000	0.000000	0.000000	0.000000	1650927626.383649	0.000000
185.000000	3994.426327	4973.146926	3991.004319	7913.579688	0.000000	0.000000	0.000000	0.000000	0.000000	0.000000	0.000000	0.000000	1650927626.407674	0.000000
185.000000	4148.368089	5130.387279	4144.714207	8064.933439	0.000000	0.000000	0.000000	0.000000	0.000000	0.000000	0.000000	0.000000	1650927626.407674	0.000000
186.000000	4628.561894	5619.934574	4628.812467	8553.657955	0.000000	0.000000	0.000000	0.000000	0.000000	0.000000	0.000000	0.000000	1650927626.431709	0.000000
186.000000	5015.058115	6001.860637	5022.313520	8945.049705	0.000000	0.000000	0.000000	0.000000	0.000000	0.000000	0.000000	0.000000	1650927626.431709	0.000000
187.000000	5071.870935	6046.443984	5071.504425	8991.585280	0.000000	0.000000	0.000000	0.000000	0.000000	0.000000	0.000000	0.000000	1650927626.455725	0.000000
187.000000	4756.081262	5743.923477	4758.254144	8685.119178	0.000000	0.000000	0.000000	0.000000	0.000000	0.000000	0.000000	0.000000	1650927626.455725	0.000000
188.000000	4913.560970	5893.138005	4914.791397	8837.841733	0.000000	0.000000	0.000000	0.000000	0.000000	0.000000	0.000000	0.000000	1650927626.479813	0.000000
188.000000	4981.492512	5959.274396	4974.977607	8898.046643	0.000000	0.000000	0.000000	0.000000	0.000000	0.000000	0.000000	0.000000	1650927626.479813	0.000000
189.000000	5037.131004	6025.137774	5037.321739	8959.197747	0.000000	0.000000	0.000000	0.000000	0.000000	0.000000	0.000000	0.000000	1650927626.503678	0.000000
189.000000	4698.483063	5686.029826	4701.751736	8623.463188	0.000000	0.000000	0.000000	0.000000	0.000000	0.000000	0.000000	0.000000	1650927626.503678	0.000000
190.000000	4959.262547	5937.040691	4957.138284	8878.217693	0.000000	0.000000	0.000000	0.000000	0.000000	0.000000	0.000000	0.000000	1650927626.527628	0.000000
190.000000	5134.779792	6117.857374	5139.394828	9057.792729	0.000000	0.000000	0.000000	0.000000	0.000000	0.000000	0.000000	0.000000	1650927626.527628	0.000000
191.000000	5623.676344	6606.555711	5619.240822	9542.339777	0.000000	0.000000	0.000000	0.000000	0.000000	0.000000	0.000000	0.000000	1650927626.551652	0.000000
191.000000	6003.149033	6986.873617	6006.002576	9930.986441	0.000000	0.000000	0.000000	0.000000	0.000000	0.000000	0.000000	0.000000	1650927626.551652	0.000000
192.000000	6047.885716	7033.670986	6049.635989	9975.805402	0.000000	0.000000	0.000000	0.000000	0.000000	0.000000	0.000000	0.000000	1650927626.575621	0.000000
192.000000	5743.442900	6725.963237	5741.524331	9661.874460	0.000000	0.000000	0.000000	0.000000	0.000000	0.000000	0.000000	0.000000	1650927626.575621	0.000000
193.000000	5900.413981	6888.577827	5902.721499	9821.306395	0.000000	0.000000	0.000000	0.000000	0.000000	0.000000	0.000000	0.000000	1650927626.599673	0.000000
193.000000	5955.749541	6948.951032	5959.179029	9881.473905	0.000000	0.000000	0.000000	0.000000	0.000000	0.000000	0.000000	0.000000	1650927626.599673	0.000000
194.000000	6028.139044	7005.012132	6016.567794	9944.128449	0.000000	0.000000	0.000000	0.000000	0.000000	0.000000	0.000000	0.000000	1650927626.623622	0.000000
194.000000	5685.766163	6682.408362	5699.611272	9617.119077	0.000000	0.000000	0.000000	0.000000	0.000000	0.000000	0.000000	0.000000	1650927626.623622	0.000000
195.000000	5949.795620	6936.418627	5949.335612	9868.257099	0.000000	0.000000	0.000000	0.000000	0.000000	0.000000	0.000000	0.000000	1650927626.647625	0.000000
195.000000	6104.096412	7090.723159	6108.730148	10029.379469	0.000000	0.000000	0.000000	0.000000	0.000000	0.000000	0.000000	0.000000	1650927626.647625	0.000000
196.000000	6584.903560	7579.040027	6588.991271	10512.841946	0.000000	0.000000	0.000000	0.000000	0.000000	0.000000	0.000000	0.000000	1650927626.671655	0.000000
196.000000	6980.573756	7960.797794	6979.365768	10906.515035	0.000000	0.000000	0.000000	0.000000	0.000000	0.000000	0.000000	0.000000	1650927626.671655	0.000000
197.000000	7030.707115	8013.369568	7028.590331	10951.752865	0.000000	0.000000	0.000000	0.000000	0.000000	0.000000	0.000000	0.000000	1650927626.695658	0.000000
197.000000	6717.509193	7699.012277	6709.277673	10632.866555	0.000000	0.000000	0.000000	0.000000	0.000000	0.000000	0.000000	0.000000	1650927626.695658	0.000000
198.000000	6877.000967	7863.448199	6882.464960	10801.666940	0.000000	0.000000	0.000000	0.000000	0.000000	0.000000	0.000000	0.000000	1650927626.719661	0.000000
198.000000	6936.693510	7925.111669	6939.670470	10861.516559	0.000000	0.000000	0.000000	0.000000	0.000000	0.000000	0.000000	0.000000	1650927626.719661	0.000000
199.000000	6995.178065	7982.320919	6995.357580	10915.546893	0.000000	0.000000	0.000000	0.000000	0.000000	0.000000	0.000000	0.000000	1650927626.743644	0.000000
199.000000	6677.926092	7659.754547	6678.169185	10605.292273	0.000000	0.000000	0.000000	0.000000	0.000000	0.000000	0.000000	0.000000	1650927626.743644	0.000000
200.000000	6918.229624	7911.618110	6921.079427	10847.417136	0.000000	0.000000	0.000000	0.000000	0.000000	0.000000	0.000000	0.000000	1650927626.767627	0.000000
200.000000	7083.368646	8072.590884	7089.053294	11010.678728	0.000000	0.000000	0.000000	0.000000	0.000000	0.000000	0.000000	0.000000	1650927626.767627	0.000000
0.000000	-268.220015	-261.318030	-267.386017	-270.628511	0.000000	0.000000	0.000000	0.000000	0.000000	0.000000	0.000000	0.000000	1650927626.791642	0.000000
101.000000	116.454875	120.896006	116.997160	119.499153	0.000000	0.000000	0.000000	0.000000	0.000000	0.000000	0.000000	0.000000	1650927626.815628	0.000000
101.000000	166.831327	174.226979	168.129072	168.596560	0.000000	0.000000	0.000000	0.000000	0.000000	0.000000	0.000000	0.000000	1650927626.815628	0.000000
102.000000	-143.628988	-146.390904	-152.193359	-152.073682	0.000000	0.000000	0.000000	0.000000	0.000000	0.000000	0.000000	0.000000	1650927626.839663	0.000000
102.000000	16.322793	21.736299	22.321593	20.380585	0.000000	0.000000	0.000000	0.000000	0.000000	0.000000	0.000000	0.000000	1650927626.839663	0.000000
103.000000	81.621447	86.541285	78.386433	80.357360	0.000000	0.000000	0.000000	0.000000	0.000000	0.000000	0.000000	0.000000	1650927626.863643	0.000000
103.000000	125.722347	124.579807	124.854690	128.635729	0.000000	0.000000	0.000000	0.000000	0.000000	0.000000	0.000000	0.000000	1650927626.863643	0.000000
104.000000	-179.348772	-172.383209	-178.694290	-176.652304	0.000000	0.000000	0.000000	0.000000	0.000000	0.000000	0.000000	0.000000	1650927626.887660	0.000000
104.000000	61.919654	65.220115	64.358068	64.219692	0.000000	0.000000	0.000000	0.000000	0.000000	0.000000	0.000000	0.000000	1650927626.887660	0.000000
105.000000	222.219246	223.313166	227.118514	227.443886	0.000000	0.000000	0.000000	0.000000	0.000000	0.000000	0.000000	0.000000	1650927626.911634	0.000000
105.000000	-266.466002	-258.258791	714.219914	711.205555	0.000000	0.000000	0.000000	0.000000	0.000000	0.000000	0.000000	0.000000	1650927626.911634	0.000000
106.000000	120.404209	121.759923	1099.814819	1096.527447	0.000000	0.000000	0.000000	0.000000	0.000000	0.000000	0.000000	0.000000	1650927626.935640	0.000000
106.000000	168.465663	171.220100	1151.664792	1148.325062	0.000000	0.000000	0.000000	0.000000	0.000000	0.000000	0.000000	0.000000	1650927626.935640	0.000000
107.000000	-150.970411	-143.630858	821.910333	826.476751	0.000000	0.000000	0.000000	0.000000	0.000000	0.000000	0.000000	0.000000	1650927626.959699	0.000000
107.000000	25.205056	27.181593	1009.933804	1006.066747	0.000000	0.000000	0.000000	0.000000	0.000000	0.000000	0.000000	0.000000	1650927626.959699	0.000000
108.000000	73.146833	82.027226	1058.077536	1056.405801	0.000000	0.000000	0.000000	0.000000	0.000000	0.000000	0.000000	0.000000	1650927626.983804	0.000000
108.000000	121.500000	120.129326	1101.494034	1102.466408	0.000000	0.000000	0.000000	0.000000	0.000000	0.000000	0.000000	0.000000	1650927626.983804	0.000000
109.000000	-182.250935	-168.748026	803.150995	803.734420	0.000000	0.000000	0.000000	0.000000	0.000000	0.000000	0.000000	0.000000	1650927627.007637	0.000000
109.000000	65.221985	66.929250	1043.839737	1042.254019	0.000000	0.000000	0.000000	0.000000	0.000000	0.000000	0.000000	0.000000	1650927627.007637	0.000000
110.000000	231.681192	231.421269	1208.989979	1207.194827	0.000000	0.000000	0.000000	0.000000	0.000000	0.000000	0.000000	0.000000	1650927627.031629	0.000000
110.000000	718.550718	717.640053	1693.634264	1695.107785	0.000000	0.000000	0.000000	0.000000	0.000000	0.000000	0.000000	0.000000	1650927627.031629	0.000000
111.000000	1099.160337	1101.424846	2077.778088	2081.372132	0.000000	0.000000	0.000000	0.000000	0.000000	0.000000	0.000000	0.000000	1650927627.055647	0.000000
111.000000	1151.051449	1154.542645	2129.452286	2132.447946	0.000000	0.000000	0.000000	0.000000	0.000000	0.000000	0.000000	0.000000	1650927627.055647	0.000000
112.000000	824.030857	831.183415	1798.415041	1803.127315	0.000000	0.000000	0.000000	0.000000	0.000000	0.000000	0.000000	0.000000	1650927627.079677	0.000000
112.000000	1007.996536	1015.710079	1990.687038	1992.497150	0.000000	0.000000	0.000000	0.000000	0.000000	0.000000	0.000000	0.000000	1650927627.079677	0.000000
113.000000	1057.669887	1058.247701	2037.203914	2038.909308	0.000000	0.000000	0.000000	0.000000	0.000000	0.000000	0.000000	0.000000	1650927627.103619	0.000000
113.000000	1097.701776	1106.578428	2077.089947	2081.151478	0.000000	0.000000	0.000000	0.000000	0.000000	0.000000	0.000000	0.000000	1650927627.103619	0.000000
114.000000	794.388410	806.765609	1785.149616	1783.769593	0.000000	0.000000	0.000000	0.000000	0.000000	0.000000	0.000000	0.000000	1650927627.127753	0.000000
114.000000	1038.267286	1043.265662	2019.716142	2021.541213	0.000000	0.000000	0.000000	0.000000	0.000000	0.000000	0.000000	0.000000	1650927627.127753	0.000000
115.000000	1204.288925	1217.391664	2184.447515	2186.504460	0.000000	0.000000	0.000000	0.000000	0.000000	0.000000	0.000000	0.000000	1650927627.151684	0.000000
115.000000	1688.776134	1699.735911	2672.966337	2671.676071	0.000000	0.000000	0.000000	0.000000	0.000000	0.000000	0.000000	0.000000	1650927627.151684	0.000000
116.000000	2083.545014	2081.845230	3062.484397	3063.116440	0.000000	0.000000	0.000000	0.000000	0.000000	0.000000	0.000000	0.000000	1650927627.175694	0.000000
116.000000	2134.489931	2135.344498	3112.105390	3114.940234	0.000000	0.000000	0.000000	0.000000	0.000000	0.000000	0.000000	0.000000	1650927627.175694	0.000000
117.000000	1795.550278	1798.259836	2776.224975	2774.908530	0.000000	0.000000	0.000000	0.000000	0.000000	0.000000	0.000000	0.000000	1650927627.199645	0.000000
117.000000	1961.979566	1965.182790	2947.172062	2942.863697	0.000000	0.000000	0.000000	0.000000	0.000000	0.000000	0.000000	0.000000	1650927627.199645	0.000000
118.000000	2045.768285	2054.529000	3030.111823	3033.589930	0.000000	0.000000	0.000000	0.000000	0.000000	0.000000	0.000000	0.000000	1650927627.223695	0.000000
118.000000	2082.969069	2085.596349	3064.474024	3062.779849	0.000000	0.000000	0.000000	0.000000	0.000000	0.000000	0.000000	0.000000	1650927627.223695	0.000000
119.000000	1790.579951	1797.612833	2773.685582	2771.415463	0.000000	0.000000	0.000000	0.000000	0.000000	0.000000	0.000000	0.000000	1650927627.247701	0.000000
119.000000	2021.339258	2025.870147	3006.853385	3008.910330	0.000000	0.000000	0.000000	0.000000	0.000000	0.000000	0.000000	0.000000	1650927627.247701	0.000000
120.000000	2194.369469	2196.383406	3170.836778	3171.453862	0.000000	0.000000	0.000000	0.000000	0.000000	0.000000	0.000000	0.000000	1650927627.271664	0.000000
120.000000	2678.116179	2685.923220	3656.210344	3654.662026	0.000000	0.000000	0.000000	0.000000	0.000000	0.000000	0.000000	0.000000	1650927627.271664	0.000000
121.000000	3062.772369	3068.754339	4043.073076	4042.654207	0.000000	0.000000	0.000000	0.000000	0.000000	0.000000	0.000000	0.000000	1650927627.295675	0.000000
121.000000	3115.617156	3119.792754	4095.274599	4096.830398	0.000000	0.000000	0.000000	0.000000	0.000000	0.000000	0.000000	0.000000	1650927627.295675	0.000000
122.000000	2778.046306	2781.298149	3754.147105	3754.132145	0.000000	0.000000	0.000000	0.000000	0.000000	0.000000	0.000000	0.000000	1650927627.319702	0.000000
122.000000	2973.370061	2976.831338	3958.016531	3957.833276	0.000000	0.000000	0.000000	0.000000	0.000000	0.000000	0.000000	0.000000	1650927627.319702	0.000000
123.000000	3023.297725	3030.921511	3999.162910	4004.267874	0.000000	0.000000	0.000000	0.000000	0.000000	0.000000	0.000000	0.000000	1650927627.343643	0.000000
123.000000	3052.779357	3055.679649	4033.637308	4036.273938	0.000000	0.000000	0.000000	0.000000	0.000000	0.000000	0.000000	0.000000	1650927627.343643	0.000000
124.000000	2770.869438	2773.145167	3750.575500	3752.849359	0.000000	0.000000	0.000000	0.000000	0.000000	0.000000	0.000000	0.000000	1650927627.367690	0.000000
124.000000	2992.361273	3001.608175	3981.304888	3975.021856	0.000000	0.000000	0.000000	0.000000	0.000000	0.000000	0.000000	0.000000	1650927627.367690	0.000000
125.000000	3169.939202	3171.433292	4148.938424	4151.747089	0.000000	0.000000	0.000000	0.000000	0.000000	0.000000	0.000000	0.000000	1650927627.391692	0.000000
125.000000	3655.806435	3654.768613	4635.445179	4637.113175	0.000000	0.000000	0.000000	0.000000	0.000000	0.000000	0.000000	0.000000	1650927627.391692	0.000000
126.000000	4042.594368	4046.478255	5025.023078	5017.584417	0.000000	0.000000	0.000000	0.000000	0.000000	0.000000	0.000000	0.000000	1650927627.415641	0.000000
126.000000	4097.825211	4100.568428	5077.146064	5076.192389	0.000000	0.000000	0.000000	0.000000	0.000000	0.000000	0.000000	0.000000	1650927627.415641	0.000000
127.000000	3752.553907	3752.020971	4728.075021	4728.168519	0.000000	0.000000	0.000000	0.000000	0.000000	0.000000	0.000000	0.000000	1650927627.439714	0.000000
127.000000	3947.817824	3959.140371	4935.553451	4935.243040	0.000000	0.000000	0.000000	0.000000	0.000000	0.000000	0.000000	0.000000	1650927627.439714	0.000000
128.000000	4006.661410	4010.066589	4984.591020	4983.465310	0.000000	0.000000	0.000000	0.000000	0.000000	0.000000	0.000000	0.000000	1650927627.463746	0.000000
128.000000	4030.211560	4031.780448	5010.826418	5008.414182	0.000000	0.000000	0.000000	0.000000	0.000000	0.000000	0.000000	0.000000	1650927627.463746	0.000000
129.000000	3749.752722	3753.550591	4737.454691	4732.764856	0.000000	0.000000	0.000000	0.000000	0.000000	0.000000	0.000000	0.000000	1650927627.487652	0.000000
129.000000	3975.848374	3978.183941	4954.477345	4958.486518	0.000000	0.000000	0.000000	0.000000	0.000000	0.000000	0.000000	0.000000	1650927627.487652	0.000000
130.000000	4146.122279	4153.439393	5131.288595	5130.585494	0.000000	0.000000	0.000000	0.000000	0.000000	0.000000	0.000000	0.000000	1650927627.511645	0.000000
130.000000	4630.302817	4639.613298	5610.753119	5613.273812	0.000000	0.000000	0.000000	0.000000	0.000000	0.000000	0.000000	0.000000	1650927627.511645	0.000000
131.000000	5018.713867	5020.365033	5996.789333	5999.889710	0.000000	0.000000	0.000000	0.000000	0.000000	0.000000	0.000000	0.000000	1650927627.536029	0.000000
131.000000	5074.127964	5079.055283	6059.720629	6060.132018	0.000000	0.000000	0.000000	0.000000	0.000000	0.000000	0.000000	0.000000	1650927627.536029	0.000000
132.000000	4729.009996	4732.299238	5707.380915	5705.204293	0.000000	0.000000	0.000000	0.000000	0.000000	0.000000	0.000000	0.000000	1650927627.559676	0.000000
132.000000	4937.849750	4943.027641	5918.655343	5923.958521	0.000000	0.000000	0.000000	0.000000	0.000000	0.000000	0.000000	0.000000	1650927627.559676	0.000000
133.000000	4981.931951	4985.950473	5967.012249	5966.769156	0.000000	0.000000	0.000000	0.000000	0.000000	0.000000	0.000000	0.000000	1650927627.583673	0.000000
133.000000	5006.458215	5010.600154	5987.166570	5987.035674	0.000000	0.000000	0.000000	0.000000	0.000000	0.000000	0.000000	0.000000	1650927627.583673	0.000000
134.000000	4741.033775	4747.333636	5722.613527	5718.847448	0.000000	0.000000	0.000000	0.000000	0.000000	0.000000	0.000000	0.000000	1650927627.607645	0.000000
134.000000	4957.645040	4961.345671	5937.609156	5939.703500	0.000000	0.000000	0.000000	0.000000	0.000000	0.000000	0.000000	0.000000	1650927627.607645	0.000000
135.000000	5124.893366	5131.750473	6108.821776	6110.104561	0.000000	0.000000	0.000000	0.000000	0.000000	0.000000	0.000000	0.000000	1650927627.631733	0.000000
135.000000	4637.240331	5612.370626	6597.291979	6598.062398	0.000000	0.000000	0.000000	0.000000	0.000000	0.000000	0.000000	0.000000	1650927627.631733	0.000000
136.000000	5019.794698	6000.422646	6980.781320	6980.190416	0.000000	0.000000	0.000000	0.000000	0.000000	0.000000	0.000000	0.000000	1650927627.655707	0.000000
136.000000	5079.341385	6063.903707	7037.268769	7042.265276	0.000000	0.000000	0.000000	0.000000	0.000000	0.000000	0.000000	0.000000	1650927627.655707	0.000000
137.000000	4725.726364	5713.460122	6687.057058	6682.374703	0.000000	0.000000	0.000000	0.000000	0.000000	0.000000	0.000000	0.000000	1650927627.679709	0.000000
137.000000	4941.462493	5927.509556	6905.343798	6903.533687	0.000000	0.000000	0.000000	0.000000	0.000000	0.000000	0.000000	0.000000	1650927627.679709	0.000000
138.000000	4984.370365	5979.086516	6948.618181	6951.202452	0.000000	0.000000	0.000000	0.000000	0.000000	0.000000	0.000000	0.000000	1650927627.703739	0.000000
138.000000	5004.663063	5988.380168	6964.576334	6963.746076	0.000000	0.000000	0.000000	0.000000	0.000000	0.000000	0.000000	0.000000	1650927627.703739	0.000000
139.000000	4741.710697	5727.282792	6703.348062	6697.988785	0.000000	0.000000	0.000000	0.000000	0.000000	0.000000	0.000000	0.000000	1650927627.727609	0.000000
139.000000	4955.229065	5942.843146	6918.403529	6923.134502	0.000000	0.000000	0.000000	0.000000	0.000000	0.000000	0.000000	0.000000	1650927627.727609	0.000000
140.000000	5126.871773	6111.707109	7085.756572	7087.806037	0.000000	0.000000	0.000000	0.000000	0.000000	0.000000	0.000000	0.000000	1650927627.751619	0.000000
140.000000	4643.702878	6601.355380	6602.980367	6603.350617	0.000000	0.000000	0.000000	0.000000	0.000000	0.000000	0.000000	0.000000	1650927627.751619	0.000000
141.000000	5017.741493	6977.727692	6978.664537	6983.466569	0.000000	0.000000	0.000000	0.000000	0.000000	0.000000	0.000000	0.000000	1650927627.775632	0.000000
141.000000	5072.650704	7037.652109	7037.635280	7036.386153	0.000000	0.000000	0.000000	0.000000	0.000000	0.000000	0.000000	0.000000	1650927627.775632	0.000000
142.000000	4734.642286	6700.447769	6691.245746	6693.497165	0.000000	0.000000	0.000000	0.000000	0.000000	0.000000	0.000000	0.000000	1650927627.799638	0.000000
142.000000	4931.865910	6901.471132	6899.012148	6898.267908	0.000000	0.000000	0.000000	0.000000	0.000000	0.000000	0.000000	0.000000	1650927627.799638	0.000000
143.000000	4988.787187	6955.520166	6943.023290	6950.619027	0.000000	0.000000	0.000000	0.000000	0.000000	0.000000	0.000000	0.000000	1650927627.823660	0.000000
143.000000	5005.018353	6975.767985	6968.963237	6969.243729	0.000000	0.000000	0.000000	0.000000	0.000000	0.000000	0.000000	0.000000	1650927627.823660	0.000000
144.000000	4743.977076	6708.634410	6703.161067	6704.215719	0.000000	0.000000	0.000000	0.000000	0.000000	0.000000	0.000000	0.000000	1650927627.847653	0.000000
144.000000	4955.939646	6916.991717	6912.625384	6917.030986	0.000000	0.000000	0.000000	0.000000	0.000000	0.000000	0.000000	0.000000	1650927627.847653	0.000000
145.000000	5126.370627	7091.813340	7086.085683	7085.322744	0.000000	0.000000	0.000000	0.000000	0.000000	0.000000	0.000000	0.000000	1650927627.871658	0.000000
145.000000	4644.297523	7579.924513	6605.871309	6600.710247	0.000000	0.000000	0.000000	0.000000	0.000000	0.000000	0.000000	0.000000	1650927627.871658	0.000000
146.000000	4992.807580	7938.618318	6953.973718	6957.795895	0.000000	0.000000	0.000000	0.000000	0.000000	0.000000	0.000000	0.000000	1650927627.895636	0.000000
146.000000	5087.139076	8036.727113	7048.720343	7050.814687	0.000000	0.000000	0.000000	0.000000	0.000000	0.000000	0.000000	0.000000	1650927627.895636	0.000000
147.000000	4742.252982	7694.582366	6700.419720	6703.550016	0.000000	0.000000	0.000000	0.000000	0.000000	0.000000	0.000000	0.000000	1650927627.919698	0.000000
147.000000	4930.411089	7886.457933	6896.469016	6894.456950	0.000000	0.000000	0.000000	0.000000	0.000000	0.000000	0.000000	0.000000	1650927627.919698	0.000000
148.000000	4984.609719	7930.704689	6947.698165	6946.965145	0.000000	0.000000	0.000000	0.000000	0.000000	0.000000	0.000000	0.000000	1650927627.943659	0.000000
148.000000	5005.796252	7954.613870	6969.075434	6973.189323	0.000000	0.000000	0.000000	0.000000	0.000000	0.000000	0.000000	0.000000	1650927627.943659	0.000000
149.000000	4738.823494	7679.514309	6699.024738	6700.292564	0.000000	0.000000	0.000000	0.000000	0.000000	0.000000	0.000000	0.000000	1650927627.967663	0.000000
149.000000	4954.922393	7903.193985	6917.240420	6918.291332	0.000000	0.000000	0.000000	0.000000	0.000000	0.000000	0.000000	0.000000	1650927627.967663	0.000000
150.000000	5123.468464	8072.693731	7082.615056	7083.561251	0.000000	0.000000	0.000000	0.000000	0.000000	0.000000	0.000000	0.000000	1650927627.991618	0.000000
150.000000	4646.713498	7596.481050	6610.146015	6610.306831	0.000000	0.000000	0.000000	0.000000	0.000000	0.000000	0.000000	0.000000	1650927627.991618	0.000000
151.000000	5007.037899	7959.759972	6971.162298	6969.124052	0.000000	0.000000	0.000000	0.000000	0.000000	0.000000	0.000000	0.000000	1650927628.015655	0.000000
151.000000	5073.331366	8019.504874	7038.042929	7034.418966	0.000000	0.000000	0.000000	0.000000	0.000000	0.000000	0.000000	0.000000	1650927628.015655	0.000000
152.000000	4729.948711	7676.260596	6691.032571	6693.160574	0.000000	0.000000	0.000000	0.000000	0.000000	0.000000	0.000000	0.000000	1650927628.039613	0.000000
152.000000	4931.529319	7882.108429	6896.730809	6900.874618	0.000000	0.000000	0.000000	0.000000	0.000000	0.000000	0.000000	0.000000	1650927628.039613	0.000000
153.000000	4987.369765	7935.551600	6946.123668	6945.083975	0.000000	0.000000	0.000000	0.000000	0.000000	0.000000	0.000000	0.000000	1650927628.063628	0.000000
153.000000	5003.208242	7943.169776	6963.794695	6960.937411	0.000000	0.000000	0.000000	0.000000	0.000000	0.000000	0.000000	0.000000	1650927628.063628	0.000000
154.000000	4739.451797	7680.539042	6698.759205	6693.134395	0.000000	0.000000	0.000000	0.000000	0.000000	0.000000	0.000000	0.000000	1650927628.087625	0.000000
154.000000	4956.287457	7895.979718	6916.159589	6918.979474	0.000000	0.000000	0.000000	0.000000	0.000000	0.000000	0.000000	0.000000	1650927628.087625	0.000000
155.000000	5127.571135	8075.382719	7091.370162	7089.904121	0.000000	0.000000	0.000000	0.000000	0.000000	0.000000	0.000000	0.000000	1650927628.111616	0.000000
155.000000	4640.568842	7591.342428	7581.194209	6604.955034	0.000000	0.000000	0.000000	0.000000	0.000000	0.000000	0.000000	0.000000	1650927628.111616	0.000000
156.000000	5007.505387	7960.119003	7951.384466	6972.243129	0.000000	0.000000	0.000000	0.000000	0.000000	0.000000	0.000000	0.000000	1650927628.135664	0.000000
156.000000	5076.570119	8015.622858	8018.066882	7036.311355	0.000000	0.000000	0.000000	0.000000	0.000000	0.000000	0.000000	0.000000	1650927628.135664	0.000000
157.000000	4730.808888	7683.946090	7673.431362	6695.232479	0.000000	0.000000	0.000000	0.000000	0.000000	0.000000	0.000000	0.000000	1650927628.159652	0.000000
157.000000	4933.178615	7882.729253	7880.135632	6896.943983	0.000000	0.000000	0.000000	0.000000	0.000000	0.000000	0.000000	0.000000	1650927628.159652	0.000000
158.000000	4985.047287	7928.842219	7928.114809	6945.648700	0.000000	0.000000	0.000000	0.000000	0.000000	0.000000	0.000000	0.000000	1650927628.183650	0.000000
158.000000	5009.491273	7944.213208	7946.922766	6969.542921	0.000000	0.000000	0.000000	0.000000	0.000000	0.000000	0.000000	0.000000	1650927628.183650	0.000000
159.000000	4735.203271	7679.230077	7679.116010	6698.381475	0.000000	0.000000	0.000000	0.000000	0.000000	0.000000	0.000000	0.000000	1650927628.207628	0.000000
159.000000	4957.529103	7902.999511	7897.986175	6919.959327	0.000000	0.000000	0.000000	0.000000	0.000000	0.000000	0.000000	0.000000	1650927628.207628	0.000000
160.000000	5131.486810	8069.941165	8071.588591	7090.719419	0.000000	0.000000	0.000000	0.000000	0.000000	0.000000	0.000000	0.000000	1650927628.231637	0.000000
160.000000	4648.703125	7602.319034	7587.888630	6605.437481	0.000000	0.000000	0.000000	0.000000	0.000000	0.000000	0.000000	0.000000	1650927628.231637	0.000000
161.000000	5004.300292	7953.312385	7948.837594	6967.702890	0.000000	0.000000	0.000000	0.000000	0.000000	0.000000	0.000000	0.000000	1650927628.255696	0.000000
161.000000	5081.091658	8022.754847	8021.731984	7044.026769	0.000000	0.000000	0.000000	0.000000	0.000000	0.000000	0.000000	0.000000	1650927628.255696	0.000000
162.000000	4737.368673	7679.544228	7676.498080	6692.255519	0.000000	0.000000	0.000000	0.000000	0.000000	0.000000	0.000000	0.000000	1650927628.279629	0.000000
162.000000	4933.907895	7882.609576	7877.323227	6896.311940	0.000000	0.000000	0.000000	0.000000	0.000000	0.000000	0.000000	0.000000	1650927628.279629	0.000000
163.000000	4987.530581	7935.656317	7931.114208	6950.757404	0.000000	0.000000	0.000000	0.000000	0.000000	0.000000	0.000000	0.000000	1650927628.303642	0.000000
163.000000	4996.502601	7942.178703	7941.694385	6965.526268	0.000000	0.000000	0.000000	0.000000	0.000000	0.000000	0.000000	0.000000	1650927628.303642	0.000000
164.000000	4739.653752	7690.139365	7679.415202	6702.375688	0.000000	0.000000	0.000000	0.000000	0.000000	0.000000	0.000000	0.000000	1650927628.327617	0.000000
164.000000	4957.226172	7900.987444	7897.099818	6918.175395	0.000000	0.000000	0.000000	0.000000	0.000000	0.000000	0.000000	0.000000	1650927628.327617	0.000000
165.000000	5134.654505	8087.982442	8078.215693	7098.775164	0.000000	0.000000	0.000000	0.000000	0.000000	0.000000	0.000000	0.000000	1650927628.351616	0.000000
165.000000	5618.913581	8571.321503	8556.311414	7579.623451	0.000000	0.000000	0.000000	0.000000	0.000000	0.000000	0.000000	0.000000	1650927628.351616	0.000000
166.000000	5994.137744	8942.233561	8934.875307	7953.983697	0.000000	0.000000	0.000000	0.000000	0.000000	0.000000	0.000000	0.000000	1650927628.375600	0.000000
166.000000	6066.235535	9008.396131	9007.919293	8029.484797	0.000000	0.000000	0.000000	0.000000	0.000000	0.000000	0.000000	0.000000	1650927628.375600	0.000000
167.000000	5694.227686	8636.612676	8637.384965	7655.049753	0.000000	0.000000	0.000000	0.000000	0.000000	0.000000	0.000000	0.000000	1650927628.399604	0.000000
167.000000	5928.476320	8877.110683	8876.304734	7887.540634	0.000000	0.000000	0.000000	0.000000	0.000000	0.000000	0.000000	0.000000	1650927628.399604	0.000000
168.000000	5980.277674	8917.834453	8917.548351	7936.062096	0.000000	0.000000	0.000000	0.000000	0.000000	0.000000	0.000000	0.000000	1650927628.423652	0.000000
168.000000	5968.691464	8913.858940	8909.619763	7930.691600	0.000000	0.000000	0.000000	0.000000	0.000000	0.000000	0.000000	0.000000	1650927628.423652	0.000000
169.000000	5728.907779	8676.001302	8671.679848	7691.162227	0.000000	0.000000	0.000000	0.000000	0.000000	0.000000	0.000000	0.000000	1650927628.447646	0.000000
169.000000	5935.406355	8881.606042	8875.553014	7896.527614	0.000000	0.000000	0.000000	0.000000	0.000000	0.000000	0.000000	0.000000	1650927628.447646	0.000000
170.000000	6114.319429	9058.869820	9057.775900	8075.960534	0.000000	0.000000	0.000000	0.000000	0.000000	0.000000	0.000000	0.000000	1650927628.471663	0.000000
170.000000	6602.879389	9547.934668	9542.042455	8557.295008	0.000000	0.000000	0.000000	0.000000	0.000000	0.000000	0.000000	0.000000	1650927628.471663	0.000000
171.000000	6975.216349	9921.760108	9916.458799	8936.247851	0.000000	0.000000	0.000000	0.000000	0.000000	0.000000	0.000000	0.000000	1650927628.495639	0.000000
171.000000	7047.964883	9984.564248	9990.074990	9006.094222	0.000000	0.000000	0.000000	0.000000	0.000000	0.000000	0.000000	0.000000	1650927628.495639	0.000000
172.000000	6670.081652	9607.836645	9609.962778	8626.801048	0.000000	0.000000	0.000000	0.000000	0.000000	0.000000	0.000000	0.000000	1650927628.519663	0.000000
172.000000	6912.969454	9856.079985	9858.516529	8880.747735	0.000000	0.000000	0.000000	0.000000	0.000000	0.000000	0.000000	0.000000	1650927628.519663	0.000000
173.000000	6955.847407	9909.545594	9904.651935	8921.594923	0.000000	0.000000	0.000000	0.000000	0.000000	0.000000	0.000000	0.000000	1650927628.543653	0.000000
173.000000	6948.625661	9894.541116	9883.517761	8904.907489	0.000000	0.000000	0.000000	0.000000	0.000000	0.000000	0.000000	0.000000	1650927628.543653	0.000000
174.000000	6689.742306	9638.350489	9635.442717	8653.926543	0.000000	0.000000	0.000000	0.000000	0.000000	0.000000	0.000000	0.000000	1650927628.567663	0.000000
174.000000	6909.266953	9859.412235	9853.755637	8870.597647	0.000000	0.000000	0.000000	0.000000	0.000000	0.000000	0.000000	0.000000	1650927628.567663	0.000000
175.000000	7130.792448	10073.839399	10071.156021	9095.477831	0.000000	0.000000	0.000000	0.000000	0.000000	0.000000	0.000000	0.000000	1650927628.591627	0.000000
175.000000	7566.025175	10511.772335	10509.193673	9527.812136	0.000000	0.000000	0.000000	0.000000	0.000000	0.000000	0.000000	0.000000	1650927628.591627	0.000000
176.000000	7933.043997	10879.729871	10871.754535	9896.921562	0.000000	0.000000	0.000000	0.000000	0.000000	0.000000	0.000000	0.000000	1650927628.615652	0.000000
176.000000	8062.036886	11008.064538	11003.036243	10025.458184	0.000000	0.000000	0.000000	0.000000	0.000000	0.000000	0.000000	0.000000	1650927628.615652	0.000000
177.000000	7650.419757	10600.198529	10588.135482	9612.023463	0.000000	0.000000	0.000000	0.000000	0.000000	0.000000	0.000000	0.000000	1650927628.639634	0.000000
177.000000	7865.785636	10815.740183	10810.408956	9829.509865	0.000000	0.000000	0.000000	0.000000	0.000000	0.000000	0.000000	0.000000	1650927628.639634	0.000000
178.000000	7952.210984	10897.251303	10895.876890	9914.745925	0.000000	0.000000	0.000000	0.000000	0.000000	0.000000	0.000000	0.000000	1650927628.663616	0.000000
178.000000	7947.020003	10891.398359	10884.799306	9907.303524	0.000000	0.000000	0.000000	0.000000	0.000000	0.000000	0.000000	0.000000	1650927628.663616	0.000000
179.000000	7664.623897	10608.549726	10608.431919	9626.579154	0.000000	0.000000	0.000000	0.000000	0.000000	0.000000	0.000000	0.000000	1650927628.687637	0.000000
179.000000	7882.020542	10831.384185	10831.576790	9850.314929	0.000000	0.000000	0.000000	0.000000	0.000000	0.000000	0.000000	0.000000	1650927628.687637	0.000000
180.000000	8100.943065	11047.565362	11045.046539	10068.339877	0.000000	0.000000	0.000000	0.000000	0.000000	0.000000	0.000000	0.000000	1650927628.711615	0.000000
180.000000	8540.514077	11487.424345	11483.432002	10502.323477	0.000000	0.000000	0.000000	0.000000	0.000000	0.000000	0.000000	0.000000	1650927628.711615	0.000000
181.000000	8910.046112	11855.497819	11852.735903	10871.496482	0.000000	0.000000	0.000000	0.000000	0.000000	0.000000	0.000000	0.000000	1650927628.735635	0.000000
181.000000	9044.061687	11979.524121	11983.565083	11000.739944	0.000000	0.000000	0.000000	0.000000	0.000000	0.000000	0.000000	0.000000	1650927628.735635	0.000000
182.000000	8624.186858	11574.762229	11563.716434	10587.746532	0.000000	0.000000	0.000000	0.000000	0.000000	0.000000	0.000000	0.000000	1650927628.759643	0.000000
182.000000	8854.044850	11798.815895	11791.880251	10811.927355	0.000000	0.000000	0.000000	0.000000	0.000000	0.000000	0.000000	0.000000	1650927628.759643	0.000000
183.000000	8936.240371	11882.417619	11884.824245	10900.155335	0.000000	0.000000	0.000000	0.000000	0.000000	0.000000	0.000000	0.000000	1650927628.783620	0.000000
183.000000	8918.090636	11860.456926	11854.123406	10877.244708	0.000000	0.000000	0.000000	0.000000	0.000000	0.000000	0.000000	0.000000	1650927628.783620	0.000000
184.000000	8644.842326	11593.955396	11592.012518	10614.045509	0.000000	0.000000	0.000000	0.000000	0.000000	0.000000	0.000000	0.000000	1650927628.807660	0.000000
184.000000	8871.869213	11813.951271	11811.488546	10833.663654	0.000000	0.000000	0.000000	0.000000	0.000000	0.000000	0.000000	0.000000	1650927628.807660	0.000000
185.000000	9088.596415	12038.797796	12028.507461	11052.982607	0.000000	0.000000	0.000000	0.000000	0.000000	0.000000	0.000000	0.000000	1650927628.831633	0.000000
185.000000	9525.729012	12472.807576	12470.023220	11485.515126	0.000000	0.000000	0.000000	0.000000	0.000000	0.000000	0.000000	0.000000	1650927628.831633	0.000000
186.000000	9891.192035	12838.741827	12834.083781	11855.581967	0.000000	0.000000	0.000000	0.000000	0.000000	0.000000	0.000000	0.000000	1650927628.855644	0.000000
186.000000	10021.688365	12964.806375	12960.900049	11987.364822	0.000000	0.000000	0.000000	0.000000	0.000000	0.000000	0.000000	0.000000	1650927628.855644	0.000000
187.000000	9611.181986	12551.592308	12546.504174	11564.049286	0.000000	0.000000	0.000000	0.000000	0.000000	0.000000	0.000000	0.000000	1650927628.879742	0.000000
187.000000	9828.062524	12775.279464	12772.999995	11791.768054	0.000000	0.000000	0.000000	0.000000	0.000000	0.000000	0.000000	0.000000	1650927628.879742	0.000000
188.000000	9919.663894	12856.592369	12858.561427	11878.477634	0.000000	0.000000	0.000000	0.000000	0.000000	0.000000	0.000000	0.000000	1650927628.903629	0.000000
188.000000	9895.130150	12843.764512	12839.472977	11859.998789	0.000000	0.000000	0.000000	0.000000	0.000000	0.000000	0.000000	0.000000	1650927628.903629	0.000000
189.000000	9624.462371	12574.342120	12572.619896	11592.068616	0.000000	0.000000	0.000000	0.000000	0.000000	0.000000	0.000000	0.000000	1650927628.927640	0.000000
189.000000	9856.003317	12802.707891	12795.996640	11815.243406	0.000000	0.000000	0.000000	0.000000	0.000000	0.000000	0.000000	0.000000	1650927628.927640	0.000000
190.000000	10062.475713	13006.517479	13005.468437	12023.331439	0.000000	0.000000	0.000000	0.000000	0.000000	0.000000	0.000000	0.000000	1650927628.951659	0.000000
190.000000	10500.270272	13448.164134	13443.521049	12459.861912	0.000000	0.000000	0.000000	0.000000	0.000000	0.000000	0.000000	0.000000	1650927628.951659	0.000000
191.000000	10870.168817	13822.221448	13815.730852	12835.721858	0.000000	0.000000	0.000000	0.000000	0.000000	0.000000	0.000000	0.000000	1650927628.975647	0.000000
191.000000	10999.277643	13946.980771	13942.229228	12965.372969	0.000000	0.000000	0.000000	0.000000	0.000000	0.000000	0.000000	0.000000	1650927628.975647	0.000000
192.000000	10589.006878	13534.252892	13527.777255	12547.375571	0.000000	0.000000	0.000000	0.000000	0.000000	0.000000	0.000000	0.000000	1650927628.999643	0.000000
192.000000	10808.946655	13757.637116	13749.448605	12770.808414	0.000000	0.000000	0.000000	0.000000	0.000000	0.000000	0.000000	0.000000	1650927628.999643	0.000000
193.000000	10900.132896	13845.255492	13844.049374	12866.303020	0.000000	0.000000	0.000000	0.000000	0.000000	0.000000	0.000000	0.000000	1650927629.023611	0.000000
193.000000	10873.231795	13824.046519	13817.294130	12836.264143	0.000000	0.000000	0.000000	0.000000	0.000000	0.000000	0.000000	0.000000	1650927629.023611	0.000000
194.000000	10603.009064	13552.013676	13552.441895	12567.406475	0.000000	0.000000	0.000000	0.000000	0.000000	0.000000	0.000000	0.000000	1650927629.047634	0.000000
194.000000	10845.227424	13783.045996	13781.622964	12803.199688	0.000000	0.000000	0.000000	0.000000	0.000000	0.000000	0.000000	0.000000	1650927629.047634	0.000000
195.000000	11035.203122	13982.928689	13979.841402	13000.640226	0.000000	0.000000	0.000000	0.000000	0.000000	0.000000	0.000000	0.000000	1650927629.071649	0.000000
195.000000	11486.917589	14439.482586	14428.836961	13445.372299	0.000000	0.000000	0.000000	0.000000	0.000000	0.000000	0.000000	0.000000	1650927629.071649	0.000000
196.000000	11858.035341	14796.212943	14801.970519	13817.933653	0.000000	0.000000	0.000000	0.000000	0.000000	0.000000	0.000000	0.000000	1650927629.095683	0.000000
196.000000	11983.767038	14920.242986	14919.552974	13942.087112	0.000000	0.000000	0.000000	0.000000	0.000000	0.000000	0.000000	0.000000	1650927629.095683	0.000000
197.000000	11569.251486	14514.404002	14505.991097	13526.109259	0.000000	0.000000	0.000000	0.000000	0.000000	0.000000	0.000000	0.000000	1650927629.119675	0.000000
197.000000	11782.395865	14735.304933	14730.325256	13752.249790	0.000000	0.000000	0.000000	0.000000	0.000000	0.000000	0.000000	0.000000	1650927629.119675	0.000000
198.000000	11880.336365	14831.554998	14822.065002	13844.333607	0.000000	0.000000	0.000000	0.000000	0.000000	0.000000	0.000000	0.000000	1650927629.143675	0.000000
198.000000	11852.552648	14803.659084	14790.960254	13820.671260	0.000000	0.000000	0.000000	0.000000	0.000000	0.000000	0.000000	0.000000	1650927629.143675	0.000000
199.000000	11597.846761	14537.748458	14535.323132	13547.239694	0.000000	0.000000	0.000000	0.000000	0.000000	0.000000	0.000000	0.000000	1650927629.167671	0.000000
199.000000	11818.276465	14764.034844	14758.890612	13781.873538	0.000000	0.000000	0.000000	0.000000	0.000000	0.000000	0.000000	0.000000	1650927629.167671	0.000000
200.000000	12020.982782	14966.815960	14961.746525	13983.843095	0.000000	0.000000	0.000000	0.000000	0.000000	0.000000	0.000000	0.000000	1650927629.191633	0.000000
200.000000	12469.626791	15410.702816	15406.572096	14426.585541	0.000000	0.000000	0.000000	0.000000	0.000000	0.000000	0.000000	0.000000	1650927629.191633	0.000000
0.000000	88.650589	96.044371	93.893928	92.397968	0.000000	0.000000	0.000000	0.000000	0.000000	0.000000	0.000000	0.000000	1650927629.215631	0.000000
101.000000	220.298807	222.265994	222.542747	222.206156	0.000000	0.000000	0.000000	0.000000	0.000000	0.000000	0.000000	0.000000	1650927629.239674	0.000000
101.000000	-211.180931	-204.673505	-206.225563	-207.938438	0.000000	0.000000	0.000000	0.000000	0.000000	0.000000	0.000000	0.000000	1650927629.239674	0.000000
102.000000	33.027057	42.776976	35.379454	31.347841	0.000000	0.000000	0.000000	0.000000	0.000000	0.000000	0.000000	0.000000	1650927629.263778	0.000000
102.000000	117.156106	123.252143	121.068041	122.721077	0.000000	0.000000	0.000000	0.000000	0.000000	0.000000	0.000000	0.000000	1650927629.263778	0.000000
103.000000	77.849757	80.594844	79.211081	77.760000	0.000000	0.000000	0.000000	0.000000	0.000000	0.000000	0.000000	0.000000	1650927629.287668	0.000000
103.000000	-170.554398	-161.870350	-165.561631	-172.738499	0.000000	0.000000	0.000000	0.000000	0.000000	0.000000	0.000000	0.000000	1650927629.287668	0.000000
104.000000	51.917291	48.487803	45.768896	49.250743	0.000000	0.000000	0.000000	0.000000	0.000000	0.000000	0.000000	0.000000	1650927629.311644	0.000000
104.000000	261.045017	266.105102	260.517691	265.712412	0.000000	0.000000	0.000000	0.000000	0.000000	0.000000	0.000000	0.000000	1650927629.311644	0.000000
