110.000000	-145.674713	-124.989326	-111.521947	-123.770119	0.000000	0.000000	0.000000	0.000000	0.000000	0.000000	0.000000	0.000000	1656963760.057303	0.000000
110.000000	-124.046872	-135.926664	-107.815706	-101.349419	0.000000	0.000000	0.000000	0.000000	0.000000	0.000000	0.000000	0.000000	1656963760.057303	0.000000
111.000000	321.777252	325.066494	323.261993	325.980900	0.000000	0.000000	0.000000	0.000000	0.000000	0.000000	0.000000	0.000000	1656963760.140292	0.000000
111.000000	297.419284	312.290996	323.250773	308.377191	0.000000	0.000000	0.000000	0.000000	0.000000	0.000000	0.000000	0.000000	1656963760.140292	0.000000
112.000000	49.899615	35.682385	68.640254	65.188326	0.000000	0.000000	0.000000	0.000000	0.000000	0.000000	0.000000	0.000000	1656963760.164279	0.000000
112.000000	242.296898	232.062662	232.655436	246.702501	0.000000	0.000000	0.000000	0.000000	0.000000	0.000000	0.000000	0.000000	1656963760.164279	0.000000
113.000000	-44.590827	-39.528873	-32.742824	-43.917645	0.000000	0.000000	0.000000	0.000000	0.000000	0.000000	0.000000	0.000000	1656963760.188280	0.000000
113.000000	-115.489981	-122.736037	-81.909419	-89.422878	0.000000	0.000000	0.000000	0.000000	0.000000	0.000000	0.000000	0.000000	1656963760.188280	0.000000
114.000000	-374.644478	-379.029511	-373.122339	-359.516583	0.000000	0.000000	0.000000	0.000000	0.000000	0.000000	0.000000	0.000000	1656963760.212275	0.000000
114.000000	-13.031681	5.063825	1.707264	-0.416999	0.000000	0.000000	0.000000	0.000000	0.000000	0.000000	0.000000	0.000000	1656963760.212275	0.000000
115.000000	-139.831119	-138.703540	-106.564709	-121.404632	0.000000	0.000000	0.000000	0.000000	0.000000	0.000000	0.000000	0.000000	1656963760.246269	0.000000
115.000000	-117.735791	-126.477807	-95.277691	-92.065117	0.000000	0.000000	0.000000	0.000000	0.000000	0.000000	0.000000	0.000000	1656963760.246269	0.000000
116.000000	314.205825	326.687741	315.069742	322.478484	0.000000	0.000000	0.000000	0.000000	0.000000	0.000000	0.000000	0.000000	1656963760.270301	0.000000
116.000000	304.459646	308.377191	328.950380	308.506217	0.000000	0.000000	0.000000	0.000000	0.000000	0.000000	0.000000	0.000000	1656963760.270301	0.000000
117.000000	46.782409	42.251520	72.776583	66.155090	0.000000	0.000000	0.000000	0.000000	0.000000	0.000000	0.000000	0.000000	1656963760.294239	0.000000
117.000000	247.112020	244.002293	242.061285	253.249195	0.000000	0.000000	0.000000	0.000000	0.000000	0.000000	0.000000	0.000000	1656963760.294239	0.000000
122.000000	0.953674	-26.940369	-18.248842	13.093390	0.000000	0.000000	0.000000	0.000000	0.000000	0.000000	0.000000	0.000000	1656963760.318296	0.000000
122.000000	202.996160	181.624501	155.591058	205.935721	0.000000	0.000000	0.000000	0.000000	0.000000	0.000000	0.000000	0.000000	1656963760.318296	0.000000
123.000000	-94.987849	-106.516091	-124.063701	-99.270034	0.000000	0.000000	0.000000	0.000000	0.000000	0.000000	0.000000	0.000000	1656963760.342278	0.000000
123.000000	-158.852251	-185.837499	-163.472897	-142.000261	0.000000	0.000000	0.000000	0.000000	0.000000	0.000000	0.000000	0.000000	1656963760.342278	0.000000
124.000000	-416.929657	-446.372019	-450.829980	-414.700677	0.000000	0.000000	0.000000	0.000000	0.000000	0.000000	0.000000	0.000000	1656963760.366297	0.000000
124.000000	-58.716429	-65.311743	-92.560654	-68.477568	0.000000	0.000000	0.000000	0.000000	0.000000	0.000000	0.000000	0.000000	1656963760.366297	0.000000
125.000000	-182.037760	-194.759030	-188.846248	-175.997822	0.000000	0.000000	0.000000	0.000000	0.000000	0.000000	0.000000	0.000000	1656963760.390249	0.000000
125.000000	-167.583047	-189.295036	-189.839192	-157.302062	0.000000	0.000000	0.000000	0.000000	0.000000	0.000000	0.000000	0.000000	1656963760.390249	0.000000
133.000000	-474.022970	-486.714320	-482.314328	-474.909326	0.000000	0.000000	0.000000	0.000000	0.000000	0.000000	0.000000	0.000000	1656963760.414301	0.000000
133.000000	-538.078106	-555.859460	-519.737637	-510.705778	0.000000	0.000000	0.000000	0.000000	0.000000	0.000000	0.000000	0.000000	1656963760.414301	0.000000
134.000000	-795.927379	-824.861115	-813.860199	-786.439252	0.000000	0.000000	0.000000	0.000000	0.000000	0.000000	0.000000	0.000000	1656963760.438293	0.000000
134.000000	-427.463085	-434.294012	-437.530896	-422.081369	0.000000	0.000000	0.000000	0.000000	0.000000	0.000000	0.000000	0.000000	1656963760.438293	0.000000
135.000000	-559.146833	-577.388195	-542.500538	-541.300030	0.000000	0.000000	0.000000	0.000000	0.000000	0.000000	0.000000	0.000000	1656963760.462263	0.000000
135.000000	-555.833281	-579.353512	-557.275013	-532.077437	0.000000	0.000000	0.000000	0.000000	0.000000	0.000000	0.000000	0.000000	1656963760.462263	0.000000
136.000000	-80.995013	-103.916860	-103.597099	-84.331004	0.000000	0.000000	0.000000	0.000000	0.000000	0.000000	0.000000	0.000000	1656963760.486286	0.000000
136.000000	-118.558568	-137.706856	-111.297553	-113.633120	0.000000	0.000000	0.000000	0.000000	0.000000	0.000000	0.000000	0.000000	1656963760.486286	0.000000
137.000000	-381.898014	-408.234390	-385.359291	-364.051211	0.000000	0.000000	0.000000	0.000000	0.000000	0.000000	0.000000	0.000000	1656963760.510286	0.000000
137.000000	-167.005233	-188.797630	-195.030173	-162.741747	0.000000	0.000000	0.000000	0.000000	0.000000	0.000000	0.000000	0.000000	1656963760.510286	0.000000
138.000000	-466.821792	-477.903116	-483.514836	-472.985147	0.000000	0.000000	0.000000	0.000000	0.000000	0.000000	0.000000	0.000000	1656963760.534303	0.000000
138.000000	-528.988279	-547.639160	-520.407079	-510.767487	0.000000	0.000000	0.000000	0.000000	0.000000	0.000000	0.000000	0.000000	1656963760.534303	0.000000
139.000000	-799.246540	-833.245970	-814.114512	-786.848771	0.000000	0.000000	0.000000	0.000000	0.000000	0.000000	0.000000	0.000000	1656963760.558278	0.000000
139.000000	-414.592219	-433.082285	-434.034089	-415.833866	0.000000	0.000000	0.000000	0.000000	0.000000	0.000000	0.000000	0.000000	1656963760.558278	0.000000
140.000000	-563.071858	-579.314243	-550.705878	-547.985101	0.000000	0.000000	0.000000	0.000000	0.000000	0.000000	0.000000	0.000000	1656963760.582272	0.000000
140.000000	-551.657683	-574.328956	-561.388903	-537.917290	0.000000	0.000000	0.000000	0.000000	0.000000	0.000000	0.000000	0.000000	1656963760.582272	0.000000
143.000000	-851.511642	-861.209202	-844.570387	-848.145732	0.000000	0.000000	0.000000	0.000000	0.000000	0.000000	0.000000	0.000000	1656963760.606274	0.000000
143.000000	-907.365177	-935.904354	-881.395312	-884.948217	0.000000	0.000000	0.000000	0.000000	0.000000	0.000000	0.000000	0.000000	1656963760.606274	0.000000
145.000000	-1051.914181	-1080.075627	-1003.886386	-1016.486108	0.000000	0.000000	0.000000	0.000000	0.000000	0.000000	0.000000	0.000000	1656963760.630301	0.000000
145.000000	-1049.176574	-1087.097290	-1007.927347	-1000.468117	0.000000	0.000000	0.000000	0.000000	0.000000	0.000000	0.000000	0.000000	1656963760.630301	0.000000
146.000000	-584.802546	-613.294974	-556.957121	-555.900599	0.000000	0.000000	0.000000	0.000000	0.000000	0.000000	0.000000	0.000000	1656963760.799295	0.000000
146.000000	-610.413381	-630.939822	-565.835644	-579.753681	0.000000	0.000000	0.000000	0.000000	0.000000	0.000000	0.000000	0.000000	1656963760.799295	0.000000
147.000000	-881.258806	-918.884069	-837.133596	-830.257790	0.000000	0.000000	0.000000	0.000000	0.000000	0.000000	0.000000	0.000000	1656963761.250286	0.000000
147.000000	-675.869110	-702.274674	-653.712073	-637.258383	0.000000	0.000000	0.000000	0.000000	0.000000	0.000000	0.000000	0.000000	1656963761.250286	0.000000
148.000000	-961.709664	-979.382561	-923.867486	-933.664154	0.000000	0.000000	0.000000	0.000000	0.000000	0.000000	0.000000	0.000000	1656963761.274267	0.000000
148.000000	-1035.862530	-1064.915943	-980.839252	-986.630487	0.000000	0.000000	0.000000	0.000000	0.000000	0.000000	0.000000	0.000000	1656963761.274267	0.000000
155.000000	-1198.602407	-1218.620221	-1115.204508	-1127.233896	0.000000	0.000000	0.000000	0.000000	0.000000	0.000000	0.000000	0.000000	1656963761.298271	0.000000
155.000000	-1173.601176	-1225.997174	-1112.792272	-1097.213719	0.000000	0.000000	0.000000	0.000000	0.000000	0.000000	0.000000	0.000000	1656963761.298271	0.000000
156.000000	-711.785239	-749.345055	-669.645917	-663.088002	0.000000	0.000000	0.000000	0.000000	0.000000	0.000000	0.000000	0.000000	1656963761.369276	0.000000
156.000000	-742.904947	-762.430965	-661.696759	-679.311688	0.000000	0.000000	0.000000	0.000000	0.000000	0.000000	0.000000	0.000000	1656963761.369276	0.000000
157.000000	-1016.596436	-1054.197390	-939.240345	-939.823769	0.000000	0.000000	0.000000	0.000000	0.000000	0.000000	0.000000	0.000000	1656963761.475285	0.000000
157.000000	-798.191888	-836.955951	-753.918952	-733.805770	0.000000	0.000000	0.000000	0.000000	0.000000	0.000000	0.000000	0.000000	1656963761.475285	0.000000
158.000000	-1091.710456	-1115.249386	-1024.960722	-1033.906562	0.000000	0.000000	0.000000	0.000000	0.000000	0.000000	0.000000	0.000000	1656963761.499268	0.000000
158.000000	-1172.079036	-1209.167624	-1091.925500	-1094.057243	0.000000	0.000000	0.000000	0.000000	0.000000	0.000000	0.000000	0.000000	1656963761.499268	0.000000
188.000000	-1607.874619	-1622.912756	-1502.241144	-1530.746662	0.000000	0.000000	0.000000	0.000000	0.000000	0.000000	0.000000	0.000000	1656963761.523283	0.000000
188.000000	-1641.887139	-1664.412556	-1513.432795	-1535.685200	0.000000	0.000000	0.000000	0.000000	0.000000	0.000000	0.000000	0.000000	1656963761.523283	0.000000
133.000000	-1760.200744	-1801.152648	-1625.298812	-1639.566531	0.000000	0.000000	0.000000	0.000000	0.000000	0.000000	0.000000	0.000000	1656963761.547283	0.000000
133.000000	-1952.515749	-1989.694095	-1838.684414	-1833.508393	0.000000	0.000000	0.000000	0.000000	0.000000	0.000000	0.000000	0.000000	1656963761.547283	0.000000
134.000000	-1551.918235	-1581.186692	-1439.549201	-1455.541014	0.000000	0.000000	0.000000	0.000000	0.000000	0.000000	0.000000	0.000000	1656963761.580268	0.000000
134.000000	-1825.243214	-1857.873841	-1672.277566	-1702.361321	0.000000	0.000000	0.000000	0.000000	0.000000	0.000000	0.000000	0.000000	1656963761.580268	0.000000
135.000000	-1732.201983	-1773.520397	-1599.603830	-1602.808924	0.000000	0.000000	0.000000	0.000000	0.000000	0.000000	0.000000	0.000000	1656963761.604267	0.000000
135.000000	-2199.450124	-2239.624129	-1113.063415	-1118.654565	0.000000	0.000000	0.000000	0.000000	0.000000	0.000000	0.000000	0.000000	1656963761.604267	0.000000
144.000000	-1811.586969	-1839.946630	-730.570757	-748.522277	0.000000	0.000000	0.000000	0.000000	0.000000	0.000000	0.000000	0.000000	1656963761.628292	0.000000
144.000000	-2077.622882	-2098.472825	-964.264015	-992.429202	0.000000	0.000000	0.000000	0.000000	0.000000	0.000000	0.000000	0.000000	1656963761.628292	0.000000
155.000000	-1974.846692	-2023.222298	-881.859060	-890.400991	0.000000	0.000000	0.000000	0.000000	0.000000	0.000000	0.000000	0.000000	1656963761.652276	0.000000
155.000000	-2418.357688	-2459.107638	-1351.654073	-1356.845054	0.000000	0.000000	0.000000	0.000000	0.000000	0.000000	0.000000	0.000000	1656963761.652276	0.000000
156.000000	-2569.943313	-2604.657064	-1468.855057	-1503.456612	0.000000	0.000000	0.000000	0.000000	0.000000	0.000000	0.000000	0.000000	1656963761.676293	0.000000
156.000000	-2824.254640	-2869.735563	-1725.716996	-1741.895803	0.000000	0.000000	0.000000	0.000000	0.000000	0.000000	0.000000	0.000000	1656963761.676293	0.000000
157.000000	-2481.457280	-2522.794394	-1410.168547	-1410.987585	0.000000	0.000000	0.000000	0.000000	0.000000	0.000000	0.000000	0.000000	1656963761.700295	0.000000
157.000000	-2866.670715	-2887.984405	-1777.243468	-1803.059997	0.000000	0.000000	0.000000	0.000000	0.000000	0.000000	0.000000	0.000000	1656963761.700295	0.000000
158.000000	-2996.110522	-3036.000295	-1890.388531	-1908.844937	0.000000	0.000000	0.000000	0.000000	0.000000	0.000000	0.000000	0.000000	1656963761.724277	0.000000
158.000000	-3167.526967	-3207.566336	-2084.988615	-2079.001036	0.000000	0.000000	0.000000	0.000000	0.000000	0.000000	0.000000	0.000000	1656963761.724277	0.000000
166.000000	-3312.455570	-3331.854431	-2201.998865	-2213.581336	0.000000	0.000000	0.000000	0.000000	0.000000	0.000000	0.000000	0.000000	1656963761.748299	0.000000
166.000000	-3565.420533	-3604.446389	-2457.907130	-2452.925583	0.000000	0.000000	0.000000	0.000000	0.000000	0.000000	0.000000	0.000000	1656963761.748299	0.000000
167.000000	-3224.807275	-3269.009152	-2141.105814	-2125.353356	0.000000	0.000000	0.000000	0.000000	0.000000	0.000000	0.000000	0.000000	1656963761.772366	0.000000
167.000000	-3605.117701	-3635.313653	-2501.325498	-2516.438434	0.000000	0.000000	0.000000	0.000000	0.000000	0.000000	0.000000	0.000000	1656963761.772366	0.000000
168.000000	-3745.810868	-3788.326050	-2625.043259	-2631.262712	0.000000	0.000000	0.000000	0.000000	0.000000	0.000000	0.000000	0.000000	1656963761.796286	0.000000
168.000000	-3901.744126	-3950.052414	-2812.511354	-2798.464290	0.000000	0.000000	0.000000	0.000000	0.000000	0.000000	0.000000	0.000000	1656963761.796286	0.000000
169.000000	-3497.339394	-3533.567805	-2410.799350	-2410.272024	0.000000	0.000000	0.000000	0.000000	0.000000	0.000000	0.000000	0.000000	1656963761.820288	0.000000
169.000000	-3818.396716	-3837.055077	-2691.080542	-2713.695717	0.000000	0.000000	0.000000	0.000000	0.000000	0.000000	0.000000	0.000000	1656963761.820288	0.000000
170.000000	-3688.936339	-3740.977047	-2595.974886	-2582.432709	0.000000	0.000000	0.000000	0.000000	0.000000	0.000000	0.000000	0.000000	1656963761.844258	0.000000
170.000000	-4139.751359	-4183.313714	-3067.086344	-3053.675063	0.000000	0.000000	0.000000	0.000000	0.000000	0.000000	0.000000	0.000000	1656963761.844258	0.000000
171.000000	-4297.612537	-4320.631621	-3185.730930	-3198.035201	0.000000	0.000000	0.000000	0.000000	0.000000	0.000000	0.000000	0.000000	1656963761.868280	0.000000
171.000000	-4544.182271	-4590.590689	-3436.205120	-3438.931507	0.000000	0.000000	0.000000	0.000000	0.000000	0.000000	0.000000	0.000000	1656963761.868280	0.000000
172.000000	-4203.722348	-4242.594868	-3114.452177	-3099.679572	0.000000	0.000000	0.000000	0.000000	0.000000	0.000000	0.000000	0.000000	1656963761.892316	0.000000
172.000000	-4585.438977	-4612.426095	-3493.064689	-3494.055762	0.000000	0.000000	0.000000	0.000000	0.000000	0.000000	0.000000	0.000000	1656963761.892316	0.000000
173.000000	-4727.456068	-4767.671212	-3613.371660	-3618.457924	0.000000	0.000000	0.000000	0.000000	0.000000	0.000000	0.000000	0.000000	1656963761.916329	0.000000
173.000000	-4873.732905	-4928.223247	-3788.101656	-3770.258594	0.000000	0.000000	0.000000	0.000000	0.000000	0.000000	0.000000	0.000000	1656963761.916329	0.000000
176.000000	-5024.952020	-5069.056660	-3913.122772	-3909.405311	0.000000	0.000000	0.000000	0.000000	0.000000	0.000000	0.000000	0.000000	1656963761.940282	0.000000
176.000000	-5271.267441	-5328.723524	-4159.400794	-4150.858862	0.000000	0.000000	0.000000	0.000000	0.000000	0.000000	0.000000	0.000000	1656963761.940282	0.000000
177.000000	-4918.447149	-4984.153451	-3836.929790	-3814.782103	0.000000	0.000000	0.000000	0.000000	0.000000	0.000000	0.000000	0.000000	1656963761.964275	0.000000
177.000000	-5304.782554	-5351.927733	-4207.404280	-4202.740624	0.000000	0.000000	0.000000	0.000000	0.000000	0.000000	0.000000	0.000000	1656963761.964275	0.000000
178.000000	-5466.318183	-5517.405216	-4345.819847	-4338.231590	0.000000	0.000000	0.000000	0.000000	0.000000	0.000000	0.000000	0.000000	1656963761.988373	0.000000
178.000000	-5603.454705	-5666.808610	-4502.220593	-4485.327465	0.000000	0.000000	0.000000	0.000000	0.000000	0.000000	0.000000	0.000000	1656963761.988373	0.000000
179.000000	-5208.018253	-5251.057021	-4109.360932	-4101.492183	0.000000	0.000000	0.000000	0.000000	0.000000	0.000000	0.000000	0.000000	1656963762.012260	0.000000
179.000000	-5532.247009	-5571.729133	-4404.384810	-4410.406049	0.000000	0.000000	0.000000	0.000000	0.000000	0.000000	0.000000	0.000000	1656963762.012260	0.000000
180.000000	-5392.973135	-5449.995390	-4290.302902	-4273.794984	0.000000	0.000000	0.000000	0.000000	0.000000	0.000000	0.000000	0.000000	1656963762.036823	0.000000
180.000000	-5858.848733	-5909.135427	-4774.661085	-4751.847696	0.000000	0.000000	0.000000	0.000000	0.000000	0.000000	0.000000	0.000000	1656963762.036823	0.000000
181.000000	-6014.155558	-6043.528732	-4895.123263	-4895.766526	0.000000	0.000000	0.000000	0.000000	0.000000	0.000000	0.000000	0.000000	1656963762.060325	0.000000
181.000000	-6252.475073	-6314.602291	-5144.696137	-5133.394159	0.000000	0.000000	0.000000	0.000000	0.000000	0.000000	0.000000	0.000000	1656963762.060325	0.000000
182.000000	-5899.639822	-5964.721561	-4814.749073	-4787.631058	0.000000	0.000000	0.000000	0.000000	0.000000	0.000000	0.000000	0.000000	1656963762.084268	0.000000
182.000000	-6292.000206	-6329.481483	-5190.706256	-5188.735329	0.000000	0.000000	0.000000	0.000000	0.000000	0.000000	0.000000	0.000000	1656963762.084268	0.000000
183.000000	-6442.177758	-6502.614542	-5321.499907	-5322.199268	0.000000	0.000000	0.000000	0.000000	0.000000	0.000000	0.000000	0.000000	1656963762.108325	0.000000
183.000000	-6576.715049	-6635.296842	-5481.965925	-5460.749472	0.000000	0.000000	0.000000	0.000000	0.000000	0.000000	0.000000	0.000000	1656963762.108325	0.000000
188.000000	-6736.362029	-6821.743945	-5629.738721	-5611.057921	0.000000	0.000000	0.000000	0.000000	0.000000	0.000000	0.000000	0.000000	1656963762.132280	0.000000
188.000000	-6862.832356	-6948.640620	-5782.466886	-5736.129525	0.000000	0.000000	0.000000	0.000000	0.000000	0.000000	0.000000	0.000000	1656963762.132280	0.000000
189.000000	-6475.141237	-6546.218035	-5395.101138	-5367.111727	0.000000	0.000000	0.000000	0.000000	0.000000	0.000000	0.000000	0.000000	1656963762.157262	0.000000
189.000000	-6805.802621	-6872.780489	-5693.232873	-5682.514320	0.000000	0.000000	0.000000	0.000000	0.000000	0.000000	0.000000	0.000000	1656963762.157262	0.000000
190.000000	-6657.908277	-6747.112371	-5569.416005	-5543.184347	0.000000	0.000000	0.000000	0.000000	0.000000	0.000000	0.000000	0.000000	1656963762.180362	0.000000
190.000000	-7109.519897	-7187.695025	-6037.756197	-6005.047032	0.000000	0.000000	0.000000	0.000000	0.000000	0.000000	0.000000	0.000000	1656963762.180362	0.000000
191.000000	-7287.800927	-7358.724390	-6193.739944	-6174.965646	0.000000	0.000000	0.000000	0.000000	0.000000	0.000000	0.000000	0.000000	1656963762.204322	0.000000
191.000000	-7535.298157	-7616.027637	-6431.513434	-6406.403745	0.000000	0.000000	0.000000	0.000000	0.000000	0.000000	0.000000	0.000000	1656963762.204322	0.000000
192.000000	-7153.246807	-7227.229508	-6075.798459	-6030.680306	0.000000	0.000000	0.000000	0.000000	0.000000	0.000000	0.000000	0.000000	1656963762.228277	0.000000
192.000000	-7560.836064	-7626.445129	-6473.207708	-6457.578666	0.000000	0.000000	0.000000	0.000000	0.000000	0.000000	0.000000	0.000000	1656963762.228277	0.000000
193.000000	-7718.366260	-7799.114440	-6608.896888	-6591.569932	0.000000	0.000000	0.000000	0.000000	0.000000	0.000000	0.000000	0.000000	1656963762.252272	0.000000
193.000000	-7837.274509	-7921.089407	-6754.949332	-6719.794272	0.000000	0.000000	0.000000	0.000000	0.000000	0.000000	0.000000	0.000000	1656963762.252272	0.000000
194.000000	-7458.880781	-7518.629423	-6373.387908	-6352.807239	0.000000	0.000000	0.000000	0.000000	0.000000	0.000000	0.000000	0.000000	1656963762.276263	0.000000
194.000000	-7788.233201	-7858.745274	-6677.496003	-6667.768524	0.000000	0.000000	0.000000	0.000000	0.000000	0.000000	0.000000	0.000000	1656963762.276263	0.000000
195.000000	-7639.220627	-7730.436787	-6549.748501	-6516.908439	0.000000	0.000000	0.000000	0.000000	0.000000	0.000000	0.000000	0.000000	1656963762.300344	0.000000
195.000000	-8087.638371	-8156.916278	-7010.698650	-6982.432486	0.000000	0.000000	0.000000	0.000000	0.000000	0.000000	0.000000	0.000000	1656963762.300344	0.000000
199.000000	-7698.982358	-7751.778526	-6626.500598	-6613.298751	0.000000	0.000000	0.000000	0.000000	0.000000	0.000000	0.000000	0.000000	1656963762.324315	0.000000
199.000000	-8040.089283	-8092.302027	-6937.007661	-6939.715349	0.000000	0.000000	0.000000	0.000000	0.000000	0.000000	0.000000	0.000000	1656963762.324315	0.000000
200.000000	-7896.802496	-7968.881588	-6811.107669	-6789.812679	0.000000	0.000000	0.000000	0.000000	0.000000	0.000000	0.000000	0.000000	1656963762.348280	0.000000
200.000000	-8325.148198	-8389.736270	-7260.733402	-7243.148392	0.000000	0.000000	0.000000	0.000000	0.000000	0.000000	0.000000	0.000000	1656963762.348280	0.000000
0.000000	-2710.916972	-2701.067945	-2697.773093	-2713.383436	0.000000	0.000000	0.000000	0.000000	0.000000	0.000000	0.000000	0.000000	1656963762.372285	0.000000
101.000000	-2949.659095	-2952.694024	-2938.344028	-2939.720311	0.000000	0.000000	0.000000	0.000000	0.000000	0.000000	0.000000	0.000000	1656963762.396431	0.000000
101.000000	-2553.822474	-2566.072516	-2575.773817	-2559.722166	0.000000	0.000000	0.000000	0.000000	0.000000	0.000000	0.000000	0.000000	1656963762.396431	0.000000
102.000000	-2981.427675	-2963.403227	-2979.956025	-2982.701111	0.000000	0.000000	0.000000	0.000000	0.000000	0.000000	0.000000	0.000000	1656963762.420314	0.000000
102.000000	-3131.493031	-3128.914370	-3111.961403	-3118.827860	0.000000	0.000000	0.000000	0.000000	0.000000	0.000000	0.000000	0.000000	1656963762.420314	0.000000
103.000000	-3253.961665	-3257.108791	-3261.548052	-3242.964489	0.000000	0.000000	0.000000	0.000000	0.000000	0.000000	0.000000	0.000000	1656963762.444274	0.000000
103.000000	-2863.906929	-2853.698872	-2875.502489	-2872.682604	0.000000	0.000000	0.000000	0.000000	0.000000	0.000000	0.000000	0.000000	1656963762.444274	0.000000
104.000000	-3210.743381	-3201.156147	-3192.027052	-3208.942619	0.000000	0.000000	0.000000	0.000000	0.000000	0.000000	0.000000	0.000000	1656963762.468282	0.000000
104.000000	-3062.968714	-3067.099433	-3061.942111	-3053.142127	0.000000	0.000000	0.000000	0.000000	0.000000	0.000000	0.000000	0.000000	1656963762.468282	0.000000
105.000000	-3487.825089	-3476.936370	-3503.216647	-3494.652276	0.000000	0.000000	0.000000	0.000000	0.000000	0.000000	0.000000	0.000000	1656963762.492281	0.000000
105.000000	-3698.867643	-3674.148775	-3672.794931	-3688.839102	0.000000	0.000000	0.000000	0.000000	0.000000	0.000000	0.000000	0.000000	1656963762.492281	0.000000
110.000000	-4130.108027	-4089.846134	-4124.215815	-4137.552298	0.000000	0.000000	0.000000	0.000000	0.000000	0.000000	0.000000	0.000000	1656963762.516297	0.000000
110.000000	-4330.682602	-4269.346373	-4292.859124	-4325.609428	0.000000	0.000000	0.000000	0.000000	0.000000	0.000000	0.000000	0.000000	1656963762.516297	0.000000
111.000000	-4570.168966	-4532.139793	-4533.684372	-4550.951490	0.000000	0.000000	0.000000	0.000000	0.000000	0.000000	0.000000	0.000000	1656963762.540268	0.000000
111.000000	-4173.180455	-4139.093137	-4164.700232	-4171.555469	0.000000	0.000000	0.000000	0.000000	0.000000	0.000000	0.000000	0.000000	1656963762.540268	0.000000
112.000000	-4594.618562	-4552.180047	-4575.367426	-4601.370951	0.000000	0.000000	0.000000	0.000000	0.000000	0.000000	0.000000	0.000000	1656963762.564328	0.000000
112.000000	-4757.848365	-4716.726295	-4710.708796	-4742.939254	0.000000	0.000000	0.000000	0.000000	0.000000	0.000000	0.000000	0.000000	1656963762.564328	0.000000
113.000000	-4869.856499	-4843.278900	-4846.450335	-4856.233913	0.000000	0.000000	0.000000	0.000000	0.000000	0.000000	0.000000	0.000000	1656963762.588281	0.000000
113.000000	-4466.136168	-4423.443341	-4451.223317	-4473.494422	0.000000	0.000000	0.000000	0.000000	0.000000	0.000000	0.000000	0.000000	1656963762.588281	0.000000
114.000000	-4842.884340	-4804.929966	-4796.272097	-4830.940970	0.000000	0.000000	0.000000	0.000000	0.000000	0.000000	0.000000	0.000000	1656963762.612265	0.000000
114.000000	-4680.482925	-4646.623740	-4652.794575	-4673.360285	0.000000	0.000000	0.000000	0.000000	0.000000	0.000000	0.000000	0.000000	1656963762.612265	0.000000
115.000000	-5104.445463	-5061.090673	-5095.613690	-5111.209072	0.000000	0.000000	0.000000	0.000000	0.000000	0.000000	0.000000	0.000000	1656963762.636272	0.000000
115.000000	-5302.794797	-5250.815798	-5268.778537	-5308.567333	0.000000	0.000000	0.000000	0.000000	0.000000	0.000000	0.000000	0.000000	1656963762.636272	0.000000
116.000000	-5551.915143	-5507.965709	-5508.683770	-5532.256359	0.000000	0.000000	0.000000	0.000000	0.000000	0.000000	0.000000	0.000000	1656963762.660347	0.000000
116.000000	-5164.620454	-5123.131874	-5145.885425	-5152.482608	0.000000	0.000000	0.000000	0.000000	0.000000	0.000000	0.000000	0.000000	1656963762.660347	0.000000
117.000000	-5570.567894	-5506.755851	-5543.216136	-5575.472773	0.000000	0.000000	0.000000	0.000000	0.000000	0.000000	0.000000	0.000000	1656963762.684355	0.000000
117.000000	-5738.887702	-5704.179560	-5695.121522	-5725.889679	0.000000	0.000000	0.000000	0.000000	0.000000	0.000000	0.000000	0.000000	1656963762.684355	0.000000
121.000000	-5986.119398	-5969.949941	-5937.708263	-5960.910602	0.000000	0.000000	0.000000	0.000000	0.000000	0.000000	0.000000	0.000000	1656963762.708341	0.000000
121.000000	-5585.813597	-5563.091834	-5566.072535	-5578.545101	0.000000	0.000000	0.000000	0.000000	0.000000	0.000000	0.000000	0.000000	1656963762.708341	0.000000
122.000000	-5998.515297	-5961.608094	-5963.440645	-5993.860991	0.000000	0.000000	0.000000	0.000000	0.000000	0.000000	0.000000	0.000000	1656963762.732406	0.000000
122.000000	-6182.310810	-6162.839021	-6130.982553	-6157.984631	0.000000	0.000000	0.000000	0.000000	0.000000	0.000000	0.000000	0.000000	1656963762.732406	0.000000
123.000000	-6285.178628	-6269.083969	-6258.294357	-6273.197859	0.000000	0.000000	0.000000	0.000000	0.000000	0.000000	0.000000	0.000000	1656963762.756325	0.000000
123.000000	-5889.715997	-5852.532042	-5856.193404	-5882.593358	0.000000	0.000000	0.000000	0.000000	0.000000	0.000000	0.000000	0.000000	1656963762.756325	0.000000
124.000000	-6261.250748	-6221.377805	-6193.291156	-6238.304592	0.000000	0.000000	0.000000	0.000000	0.000000	0.000000	0.000000	0.000000	1656963762.780267	0.000000
124.000000	-6095.980829	-6084.194535	-6057.547747	-6076.643677	0.000000	0.000000	0.000000	0.000000	0.000000	0.000000	0.000000	0.000000	1656963762.780267	0.000000
125.000000	-6529.465153	-6510.015804	-6511.182652	-6527.604553	0.000000	0.000000	0.000000	0.000000	0.000000	0.000000	0.000000	0.000000	1656963762.804530	0.000000
125.000000	-6717.641960	-6676.254357	-6670.027423	-6703.742621	0.000000	0.000000	0.000000	0.000000	0.000000	0.000000	0.000000	0.000000	1656963762.804530	0.000000
133.000000	-6809.776265	-6785.461305	-6796.494010	-6811.090840	0.000000	0.000000	0.000000	0.000000	0.000000	0.000000	0.000000	0.000000	1656963762.828282	0.000000
133.000000	-6410.525115	-6365.921198	-6395.185915	-6424.005584	0.000000	0.000000	0.000000	0.000000	0.000000	0.000000	0.000000	0.000000	1656963762.828282	0.000000
134.000000	-6791.533033	-6744.109231	-6743.660444	-6790.771963	0.000000	0.000000	0.000000	0.000000	0.000000	0.000000	0.000000	0.000000	1656963762.852298	0.000000
134.000000	-6630.635057	-6595.309832	-6605.616996	-6622.678420	0.000000	0.000000	0.000000	0.000000	0.000000	0.000000	0.000000	0.000000	1656963762.852298	0.000000
135.000000	-7037.551132	-6997.278019	-7030.585568	-7050.784768	0.000000	0.000000	0.000000	0.000000	0.000000	0.000000	0.000000	0.000000	1656963762.876305	0.000000
135.000000	-7250.504775	-7201.801928	-7214.603606	-7259.826476	0.000000	0.000000	0.000000	0.000000	0.000000	0.000000	0.000000	0.000000	1656963762.876305	0.000000
136.000000	-7503.795109	-7475.859927	-7473.298095	-7502.293540	0.000000	0.000000	0.000000	0.000000	0.000000	0.000000	0.000000	0.000000	1656963762.900373	0.000000
136.000000	-7080.948931	-7042.171778	-7074.338658	-7089.320697	0.000000	0.000000	0.000000	0.000000	0.000000	0.000000	0.000000	0.000000	1656963762.900373	0.000000
137.000000	-7510.397903	-7449.181350	-7487.500365	-7518.317141	0.000000	0.000000	0.000000	0.000000	0.000000	0.000000	0.000000	0.000000	1656963762.924289	0.000000
137.000000	-7692.143951	-7659.806906	-7657.895817	-7684.568784	0.000000	0.000000	0.000000	0.000000	0.000000	0.000000	0.000000	0.000000	1656963762.924289	0.000000
143.000000	-7780.785190	-7758.774009	-7774.952816	-7784.167929	0.000000	0.000000	0.000000	0.000000	0.000000	0.000000	0.000000	0.000000	1656963762.948356	0.000000
143.000000	-7367.572994	-7326.473363	-7362.866329	-7388.795056	0.000000	0.000000	0.000000	0.000000	0.000000	0.000000	0.000000	0.000000	1656963762.948356	0.000000
144.000000	-7757.029345	-7715.282712	-7730.937933	-7772.151631	0.000000	0.000000	0.000000	0.000000	0.000000	0.000000	0.000000	0.000000	1656963762.972337	0.000000
144.000000	-7600.263959	-7575.631108	-7585.078095	-7599.353293	0.000000	0.000000	0.000000	0.000000	0.000000	0.000000	0.000000	0.000000	1656963762.972337	0.000000
145.000000	-8000.249999	-7964.311430	-8008.502088	-8022.156463	0.000000	0.000000	0.000000	0.000000	0.000000	0.000000	0.000000	0.000000	1656963762.996289	0.000000
145.000000	-8218.274947	-8161.830507	-8191.151322	-8225.595801	0.000000	0.000000	0.000000	0.000000	0.000000	0.000000	0.000000	0.000000	1656963762.996289	0.000000
146.000000	-8472.309521	-8447.710329	-8455.751114	-8476.814231	0.000000	0.000000	0.000000	0.000000	0.000000	0.000000	0.000000	0.000000	1656963763.020389	0.000000
146.000000	-8049.994408	-8023.218595	-8051.959726	-8058.130561	0.000000	0.000000	0.000000	0.000000	0.000000	0.000000	0.000000	0.000000	1656963763.020389	0.000000
147.000000	-8463.971414	-8430.340364	-8458.928159	-8491.300733	0.000000	0.000000	0.000000	0.000000	0.000000	0.000000	0.000000	0.000000	1656963763.044659	0.000000
147.000000	-8663.265073	-8634.608090	-8635.056878	-8666.442118	0.000000	0.000000	0.000000	0.000000	0.000000	0.000000	0.000000	0.000000	1656963763.044659	0.000000
148.000000	-8762.781941	-8743.272753	-8762.192907	-8771.714692	0.000000	0.000000	0.000000	0.000000	0.000000	0.000000	0.000000	0.000000	1656963763.068372	0.000000
148.000000	-8343.589645	-8305.354777	-8343.067929	-8363.536401	0.000000	0.000000	0.000000	0.000000	0.000000	0.000000	0.000000	0.000000	1656963763.068372	0.000000
149.000000	-8736.037916	-8698.663226	-8713.024442	-8742.083465	0.000000	0.000000	0.000000	0.000000	0.000000	0.000000	0.000000	0.000000	1656963763.092367	0.000000
149.000000	-8585.738817	-8565.223596	-8575.422303	-8587.891129	0.000000	0.000000	0.000000	0.000000	0.000000	0.000000	0.000000	0.000000	1656963763.092367	0.000000
150.000000	-8973.652460	-8937.568035	-8978.594738	-8995.989013	0.000000	0.000000	0.000000	0.000000	0.000000	0.000000	0.000000	0.000000	1656963763.116329	0.000000
150.000000	-9208.607935	-9152.298131	-9177.755630	-9212.039293	0.000000	0.000000	0.000000	0.000000	0.000000	0.000000	0.000000	0.000000	1656963763.116329	0.000000
154.000000	-9605.099038	-9564.687550	-9541.384233	-9597.531351	0.000000	0.000000	0.000000	0.000000	0.000000	0.000000	0.000000	0.000000	1656963763.140290	0.000000
154.000000	-9447.297700	-9414.515607	-9400.004795	-9432.366149	0.000000	0.000000	0.000000	0.000000	0.000000	0.000000	0.000000	0.000000	1656963763.140290	0.000000
155.000000	-9842.298453	-9797.376645	-9818.413582	-9847.136014	0.000000	0.000000	0.000000	0.000000	0.000000	0.000000	0.000000	0.000000	1656963763.164337	0.000000
155.000000	-10048.711012	-9995.662401	-9999.293844	-10055.654136	0.000000	0.000000	0.000000	0.000000	0.000000	0.000000	0.000000	0.000000	1656963763.164337	0.000000
156.000000	-10321.856475	-10285.308303	-10271.145301	-10309.909364	0.000000	0.000000	0.000000	0.000000	0.000000	0.000000	0.000000	0.000000	1656963763.188289	0.000000
156.000000	-9883.287757	-9849.641747	-9858.393113	-9885.791620	0.000000	0.000000	0.000000	0.000000	0.000000	0.000000	0.000000	0.000000	1656963763.188289	0.000000
157.000000	-10301.344994	-10252.365394	-10263.390619	-10309.641962	0.000000	0.000000	0.000000	0.000000	0.000000	0.000000	0.000000	0.000000	1656963763.212305	0.000000
157.000000	-10517.909510	-10481.903624	-10455.391473	-10500.528325	0.000000	0.000000	0.000000	0.000000	0.000000	0.000000	0.000000	0.000000	1656963763.212305	0.000000
166.000000	-10797.603538	-10765.689102	-10734.715251	-10760.180229	0.000000	0.000000	0.000000	0.000000	0.000000	0.000000	0.000000	0.000000	1656963763.236397	0.000000
166.000000	-10345.552481	-10313.009742	-10315.773528	-10330.538653	0.000000	0.000000	0.000000	0.000000	0.000000	0.000000	0.000000	0.000000	1656963763.236397	0.000000
167.000000	-10767.020506	-10712.707809	-10719.342392	-10756.049510	0.000000	0.000000	0.000000	0.000000	0.000000	0.000000	0.000000	0.000000	1656963763.260319	0.000000
167.000000	-10994.404554	-10956.427740	-10916.190156	-10957.250518	0.000000	0.000000	0.000000	0.000000	0.000000	0.000000	0.000000	0.000000	1656963763.260319	0.000000
168.000000	-11069.159544	-11043.651556	-11026.175004	-11044.620191	0.000000	0.000000	0.000000	0.000000	0.000000	0.000000	0.000000	0.000000	1656963763.284321	0.000000
168.000000	-10648.748040	-10606.346925	-10600.699676	-10628.281438	0.000000	0.000000	0.000000	0.000000	0.000000	0.000000	0.000000	0.000000	1656963763.284321	0.000000
169.000000	-11064.368732	-11018.085600	-10983.944054	-11028.130972	0.000000	0.000000	0.000000	0.000000	0.000000	0.000000	0.000000	0.000000	1656963763.308293	0.000000
169.000000	-10895.732903	-10878.785547	-10839.475458	-10862.853573	0.000000	0.000000	0.000000	0.000000	0.000000	0.000000	0.000000	0.000000	1656963763.308293	0.000000
176.000000	-11175.550348	-11171.445808	-11124.517543	-11132.240437	0.000000	0.000000	0.000000	0.000000	0.000000	0.000000	0.000000	0.000000	1656963763.332365	0.000000
176.000000	-10713.203346	-10704.349133	-10691.618514	-10683.024223	0.000000	0.000000	0.000000	0.000000	0.000000	0.000000	0.000000	0.000000	1656963763.332365	0.000000
177.000000	-11135.647486	-11123.591918	-11095.176158	-11116.759121	0.000000	0.000000	0.000000	0.000000	0.000000	0.000000	0.000000	0.000000	1656963763.356441	0.000000
177.000000	-11361.270040	-11359.267324	-11304.141198	-11318.113464	0.000000	0.000000	0.000000	0.000000	0.000000	0.000000	0.000000	0.000000	1656963763.356441	0.000000
178.000000	-11446.085361	-11442.227654	-11410.838674	-11402.708132	0.000000	0.000000	0.000000	0.000000	0.000000	0.000000	0.000000	0.000000	1656963763.380351	0.000000
178.000000	-11008.388040	-10998.303400	-10973.047855	-10985.984169	0.000000	0.000000	0.000000	0.000000	0.000000	0.000000	0.000000	0.000000	1656963763.380351	0.000000
179.000000	-11428.365715	-11427.642045	-11376.607370	-11405.535496	0.000000	0.000000	0.000000	0.000000	0.000000	0.000000	0.000000	0.000000	1656963763.404358	0.000000
179.000000	-11273.174827	-11269.724769	-11230.369802	-11225.863222	0.000000	0.000000	0.000000	0.000000	0.000000	0.000000	0.000000	0.000000	1656963763.404358	0.000000
180.000000	-11654.450147	-11634.825022	-11627.075950	-11629.652741	0.000000	0.000000	0.000000	0.000000	0.000000	0.000000	0.000000	0.000000	1656963763.428328	0.000000
180.000000	-11875.541813	-11851.742960	-11822.586700	-11849.398042	0.000000	0.000000	0.000000	0.000000	0.000000	0.000000	0.000000	0.000000	1656963763.428328	0.000000
181.000000	-12150.018681	-12144.059150	-12095.100120	-12108.058873	0.000000	0.000000	0.000000	0.000000	0.000000	0.000000	0.000000	0.000000	1656963763.452314	0.000000
181.000000	-11687.776396	-11692.901929	-11670.271794	-11663.050047	0.000000	0.000000	0.000000	0.000000	0.000000	0.000000	0.000000	0.000000	1656963763.452314	0.000000
182.000000	-12118.799866	-12100.827776	-12078.788546	-12099.391655	0.000000	0.000000	0.000000	0.000000	0.000000	0.000000	0.000000	0.000000	1656963763.476354	0.000000
182.000000	-12339.463313	-12332.748322	-12282.734640	-12300.805837	0.000000	0.000000	0.000000	0.000000	0.000000	0.000000	0.000000	0.000000	1656963763.476354	0.000000
183.000000	-12422.378765	-12422.395594	-12387.902497	-12380.721889	0.000000	0.000000	0.000000	0.000000	0.000000	0.000000	0.000000	0.000000	1656963763.500319	0.000000
183.000000	-11996.589285	-11984.384121	-11959.551186	-11971.978873	0.000000	0.000000	0.000000	0.000000	0.000000	0.000000	0.000000	0.000000	1656963763.500319	0.000000
187.000000	-12420.117995	-12394.135040	-12371.546045	-12408.466337	0.000000	0.000000	0.000000	0.000000	0.000000	0.000000	0.000000	0.000000	1656963763.524307	0.000000
187.000000	-12644.644759	-12639.115317	-12582.272578	-12621.369492	0.000000	0.000000	0.000000	0.000000	0.000000	0.000000	0.000000	0.000000	1656963763.524307	0.000000
188.000000	-12732.122889	-12718.840634	-12685.091777	-12702.631908	0.000000	0.000000	0.000000	0.000000	0.000000	0.000000	0.000000	0.000000	1656963763.548355	0.000000
188.000000	-12293.868322	-12273.132447	-12255.457680	-12275.735418	0.000000	0.000000	0.000000	0.000000	0.000000	0.000000	0.000000	0.000000	1656963763.548355	0.000000
189.000000	-12727.070284	-12705.189999	-12653.182951	-12698.753632	0.000000	0.000000	0.000000	0.000000	0.000000	0.000000	0.000000	0.000000	1656963763.572289	0.000000
189.000000	-12558.340958	-12554.954478	-12506.679850	-12522.540765	0.000000	0.000000	0.000000	0.000000	0.000000	0.000000	0.000000	0.000000	1656963763.572289	0.000000
190.000000	-12936.328906	-12922.515586	-12901.729222	-12925.844097	0.000000	0.000000	0.000000	0.000000	0.000000	0.000000	0.000000	0.000000	1656963763.597045	0.000000
190.000000	-13162.177725	-13144.415070	-13097.408267	-13136.871692	0.000000	0.000000	0.000000	0.000000	0.000000	0.000000	0.000000	0.000000	1656963763.597045	0.000000
191.000000	-13433.490637	-13424.984235	-13378.216786	-13407.455323	0.000000	0.000000	0.000000	0.000000	0.000000	0.000000	0.000000	0.000000	1656963763.620321	0.000000
191.000000	-12974.786298	-12970.752815	-12944.902627	-12958.388706	0.000000	0.000000	0.000000	0.000000	0.000000	0.000000	0.000000	0.000000	1656963763.620321	0.000000
192.000000	-13391.403673	-13373.723296	-13351.575608	-13384.060379	0.000000	0.000000	0.000000	0.000000	0.000000	0.000000	0.000000	0.000000	1656963763.644325	0.000000
192.000000	-13631.035893	-13621.089629	-13559.714130	-13600.381803	0.000000	0.000000	0.000000	0.000000	0.000000	0.000000	0.000000	0.000000	1656963763.644325	0.000000
193.000000	-13705.061602	-13697.953922	-13664.923126	-13682.781148	0.000000	0.000000	0.000000	0.000000	0.000000	0.000000	0.000000	0.000000	1656963763.668297	0.000000
193.000000	-13273.329421	-13251.093846	-13235.603181	-13256.868252	0.000000	0.000000	0.000000	0.000000	0.000000	0.000000	0.000000	0.000000	1656963763.668297	0.000000
194.000000	-13710.895846	-13693.170590	-13641.028905	-13677.661225	0.000000	0.000000	0.000000	0.000000	0.000000	0.000000	0.000000	0.000000	1656963763.692306	0.000000
194.000000	-13537.790837	-13534.916724	-13487.951060	-13506.209252	0.000000	0.000000	0.000000	0.000000	0.000000	0.000000	0.000000	0.000000	1656963763.692306	0.000000
195.000000	-13909.020786	-13894.582903	-13878.587350	-13894.365988	0.000000	0.000000	0.000000	0.000000	0.000000	0.000000	0.000000	0.000000	1656963763.716414	0.000000
195.000000	-14136.014014	-14111.444741	-14089.592506	-14126.688574	0.000000	0.000000	0.000000	0.000000	0.000000	0.000000	0.000000	0.000000	1656963763.716414	0.000000
199.000000	-14572.851158	-14547.115037	-14495.837269	-14552.227480	0.000000	0.000000	0.000000	0.000000	0.000000	0.000000	0.000000	0.000000	1656963763.740323	0.000000
199.000000	-14406.694883	-14387.537246	-14353.092767	-14373.699616	0.000000	0.000000	0.000000	0.000000	0.000000	0.000000	0.000000	0.000000	1656963763.740323	0.000000
200.000000	-14767.864502	-14749.211751	-14734.439146	-14756.059508	0.000000	0.000000	0.000000	0.000000	0.000000	0.000000	0.000000	0.000000	1656963763.764312	0.000000
200.000000	-14998.545271	-14979.806502	-14948.417522	-14993.419738	0.000000	0.000000	0.000000	0.000000	0.000000	0.000000	0.000000	0.000000	1656963763.764312	0.000000
0.000000	1918.998766	1914.359420	1926.394418	1925.517411	0.000000	0.000000	0.000000	0.000000	0.000000	0.000000	0.000000	0.000000	1656963763.788468	0.000000
101.000000	2380.152740	2378.434256	2363.205383	2383.926299	0.000000	0.000000	0.000000	0.000000	0.000000	0.000000	0.000000	0.000000	1656963763.812316	0.000000
101.000000	1953.590970	1970.987115	1952.167938	1944.458135	0.000000	0.000000	0.000000	0.000000	0.000000	0.000000	0.000000	0.000000	1656963763.812316	0.000000
102.000000	1720.230563	1722.465153	1740.540090	1730.096419	0.000000	0.000000	0.000000	0.000000	0.000000	0.000000	0.000000	0.000000	1656963763.836365	0.000000
102.000000	1648.142121	1648.910671	1648.532941	1656.945846	0.000000	0.000000	0.000000	0.000000	0.000000	0.000000	0.000000	0.000000	1656963763.836365	0.000000
109.000000	1815.285730	1800.937604	1800.776788	1819.433279	0.000000	0.000000	0.000000	0.000000	0.000000	0.000000	0.000000	0.000000	1656963763.860356	0.000000
109.000000	1453.757081	1453.710332	1422.029640	1440.600113	0.000000	0.000000	0.000000	0.000000	0.000000	0.000000	0.000000	0.000000	1656963763.860356	0.000000
110.000000	1227.272480	1216.088309	1222.846308	1217.743215	0.000000	0.000000	0.000000	0.000000	0.000000	0.000000	0.000000	0.000000	1656963763.884322	0.000000
110.000000	940.895251	916.763546	926.352650	940.308086	0.000000	0.000000	0.000000	0.000000	0.000000	0.000000	0.000000	0.000000	1656963763.884322	0.000000
111.000000	1406.316450	1388.437859	1374.057943	1405.557251	0.000000	0.000000	0.000000	0.000000	0.000000	0.000000	0.000000	0.000000	1656963763.908356	0.000000
111.000000	1000.769179	991.675612	962.975620	979.821999	0.000000	0.000000	0.000000	0.000000	0.000000	0.000000	0.000000	0.000000	1656963763.908356	0.000000
112.000000	740.773204	735.935643	743.677236	751.607694	0.000000	0.000000	0.000000	0.000000	0.000000	0.000000	0.000000	0.000000	1656963763.932350	0.000000
112.000000	663.452642	645.196321	642.155782	671.826278	0.000000	0.000000	0.000000	0.000000	0.000000	0.000000	0.000000	0.000000	1656963763.932350	0.000000
113.000000	1121.135989	1113.568301	1094.577089	1112.855851	0.000000	0.000000	0.000000	0.000000	0.000000	0.000000	0.000000	0.000000	1656963763.956302	0.000000
113.000000	680.327071	675.496990	682.868333	682.679468	0.000000	0.000000	0.000000	0.000000	0.000000	0.000000	0.000000	0.000000	1656963763.956302	0.000000
114.000000	825.532427	804.381422	810.215666	830.742107	0.000000	0.000000	0.000000	0.000000	0.000000	0.000000	0.000000	0.000000	1656963763.980324	0.000000
114.000000	485.919591	476.343578	449.094666	477.519776	0.000000	0.000000	0.000000	0.000000	0.000000	0.000000	0.000000	0.000000	1656963763.980324	0.000000
115.000000	242.235190	241.350704	237.595844	241.408672	0.000000	0.000000	0.000000	0.000000	0.000000	0.000000	0.000000	0.000000	1656963764.004337	0.000000
115.000000	-49.598553	-66.254198	-57.312097	-40.585394	0.000000	0.000000	0.000000	0.000000	0.000000	0.000000	0.000000	0.000000	1656963764.004337	0.000000
116.000000	430.774767	410.869149	392.446402	429.910850	0.000000	0.000000	0.000000	0.000000	0.000000	0.000000	0.000000	0.000000	1656963764.028298	0.000000
116.000000	17.998269	21.373528	-6.548565	4.093321	0.000000	0.000000	0.000000	0.000000	0.000000	0.000000	0.000000	0.000000	1656963764.028298	0.000000
119.000000	170.586187	164.514459	128.929311	162.306048	0.000000	0.000000	0.000000	0.000000	0.000000	0.000000	0.000000	0.000000	1656963764.052394	0.000000
119.000000	-183.529980	-185.801970	-246.321031	-212.248672	0.000000	0.000000	0.000000	0.000000	0.000000	0.000000	0.000000	0.000000	1656963764.052394	0.000000
120.000000	-414.468803	-395.023193	-440.571434	-427.790326	0.000000	0.000000	0.000000	0.000000	0.000000	0.000000	0.000000	0.000000	1656963764.076363	0.000000
120.000000	-706.463362	-715.975797	-739.974735	-716.415236	0.000000	0.000000	0.000000	0.000000	0.000000	0.000000	0.000000	0.000000	1656963764.076363	0.000000
121.000000	-225.308403	-232.756414	-290.739823	-247.848780	0.000000	0.000000	0.000000	0.000000	0.000000	0.000000	0.000000	0.000000	1656963764.100359	0.000000
121.000000	-640.209164	-629.795413	-689.278521	-669.963808	0.000000	0.000000	0.000000	0.000000	0.000000	0.000000	0.000000	0.000000	1656963764.100359	0.000000
122.000000	-900.657667	-903.109171	-926.580783	-911.226624	0.000000	0.000000	0.000000	0.000000	0.000000	0.000000	0.000000	0.000000	1656963764.124321	0.000000
122.000000	-970.341353	-981.316089	-1026.759614	-984.380937	0.000000	0.000000	0.000000	0.000000	0.000000	0.000000	0.000000	0.000000	1656963764.124321	0.000000
123.000000	-515.462931	-500.434143	-562.482823	-541.245801	0.000000	0.000000	0.000000	0.000000	0.000000	0.000000	0.000000	0.000000	1656963764.148388	0.000000
123.000000	-972.727409	-961.015912	-991.017390	-987.612211	0.000000	0.000000	0.000000	0.000000	0.000000	0.000000	0.000000	0.000000	1656963764.148388	0.000000
124.000000	-817.278467	-818.817436	-852.136205	-818.651011	0.000000	0.000000	0.000000	0.000000	0.000000	0.000000	0.000000	0.000000	1656963764.172313	0.000000
124.000000	-1167.146108	-1167.626685	-1224.185192	-1189.873480	0.000000	0.000000	0.000000	0.000000	0.000000	0.000000	0.000000	0.000000	1656963764.172313	0.000000
125.000000	-1394.184215	-1382.611094	-1418.689909	-1412.337689	0.000000	0.000000	0.000000	0.000000	0.000000	0.000000	0.000000	0.000000	1656963764.196361	0.000000
125.000000	-1690.042090	-1696.573826	-1724.499659	-1695.921213	0.000000	0.000000	0.000000	0.000000	0.000000	0.000000	0.000000	0.000000	1656963764.196361	0.000000
126.000000	-1208.602899	-1220.953919	-1272.994627	-1231.640683	0.000000	0.000000	0.000000	0.000000	0.000000	0.000000	0.000000	0.000000	1656963764.220314	0.000000
126.000000	-1618.843745	-1611.971679	-1672.176588	-1650.636635	0.000000	0.000000	0.000000	0.000000	0.000000	0.000000	0.000000	0.000000	1656963764.220314	0.000000
131.000000	-1135.654281	-1126.979583	-1216.725962	-1180.738775	0.000000	0.000000	0.000000	0.000000	0.000000	0.000000	0.000000	0.000000	1656963764.244313	0.000000
131.000000	-1550.390486	-1524.845100	-1608.237389	-1603.407308	0.000000	0.000000	0.000000	0.000000	0.000000	0.000000	0.000000	0.000000	1656963764.244313	0.000000
132.000000	-1809.350509	-1792.990317	-1850.670794	-1846.375518	0.000000	0.000000	0.000000	0.000000	0.000000	0.000000	0.000000	0.000000	1656963764.268292	0.000000
132.000000	-1881.177158	-1878.819151	-1949.017073	-1917.285892	0.000000	0.000000	0.000000	0.000000	0.000000	0.000000	0.000000	0.000000	1656963764.268292	0.000000
133.000000	-1429.649686	-1415.036027	-1499.755981	-1479.222060	0.000000	0.000000	0.000000	0.000000	0.000000	0.000000	0.000000	0.000000	1656963764.292343	0.000000
133.000000	-1874.101267	-1856.162837	-1917.859966	-1916.881982	0.000000	0.000000	0.000000	0.000000	0.000000	0.000000	0.000000	0.000000	1656963764.292343	0.000000
134.000000	-1725.455203	-1717.651902	-1779.326592	-1755.116350	0.000000	0.000000	0.000000	0.000000	0.000000	0.000000	0.000000	0.000000	1656963764.316350	0.000000
134.000000	-2072.170108	-2060.043483	-2149.161559	-2122.673717	0.000000	0.000000	0.000000	0.000000	0.000000	0.000000	0.000000	0.000000	1656963764.316350	0.000000
135.000000	-2298.998781	-2269.122590	-2351.916495	-2350.912332	0.000000	0.000000	0.000000	0.000000	0.000000	0.000000	0.000000	0.000000	1656963764.340331	0.000000
135.000000	-2603.529484	-2591.971323	-2655.231731	-2639.896271	0.000000	0.000000	0.000000	0.000000	0.000000	0.000000	0.000000	0.000000	1656963764.340331	0.000000
136.000000	-3093.497517	-2102.278173	-2188.041559	-2158.621636	0.000000	0.000000	0.000000	0.000000	0.000000	0.000000	0.000000	0.000000	1656963764.364354	0.000000
136.000000	-3508.016809	-2502.320312	-2590.454794	-2581.372447	0.000000	0.000000	0.000000	0.000000	0.000000	0.000000	0.000000	0.000000	1656963764.364354	0.000000
142.000000	-3768.169859	-2775.877164	-2830.599380	-2829.045452	0.000000	0.000000	0.000000	0.000000	0.000000	0.000000	0.000000	0.000000	1656963764.388760	0.000000
142.000000	-3841.873938	-2857.199418	-2921.858549	-2903.250677	0.000000	0.000000	0.000000	0.000000	0.000000	0.000000	0.000000	0.000000	1656963764.388760	0.000000
143.000000	-3377.847721	-2383.460681	-2461.067345	-2449.146414	0.000000	0.000000	0.000000	0.000000	0.000000	0.000000	0.000000	0.000000	1656963764.412999	0.000000
143.000000	-3843.856085	-2848.272277	-2902.575625	-2909.761842	0.000000	0.000000	0.000000	0.000000	0.000000	0.000000	0.000000	0.000000	1656963764.412999	0.000000
144.000000	-3676.918170	-2689.408807	-2762.452793	-2738.747437	0.000000	0.000000	0.000000	0.000000	0.000000	0.000000	0.000000	0.000000	1656963764.436366	0.000000
144.000000	-4008.781933	-3016.908106	-3113.644358	-3090.982435	0.000000	0.000000	0.000000	0.000000	0.000000	0.000000	0.000000	0.000000	1656963764.436366	0.000000
145.000000	-4259.486126	-3269.575747	-3331.579548	-3333.417709	0.000000	0.000000	0.000000	0.000000	0.000000	0.000000	0.000000	0.000000	1656963764.460274	0.000000
145.000000	-4563.889674	-3579.398409	-3640.190483	-3621.421795	0.000000	0.000000	0.000000	0.000000	0.000000	0.000000	0.000000	0.000000	1656963764.460274	0.000000
146.000000	-5046.018876	-4067.058924	-3165.980518	-3136.586775	0.000000	0.000000	0.000000	0.000000	0.000000	0.000000	0.000000	0.000000	1656963764.484327	0.000000
146.000000	-5465.568333	-4462.583264	-3566.030137	-3568.369444	0.000000	0.000000	0.000000	0.000000	0.000000	0.000000	0.000000	0.000000	1656963764.484327	0.000000
147.000000	-5729.479983	-4741.162801	-3816.074238	-3809.198432	0.000000	0.000000	0.000000	0.000000	0.000000	0.000000	0.000000	0.000000	1656963764.508360	0.000000
147.000000	-5796.829972	-4818.053275	-3905.254022	-3880.318239	0.000000	0.000000	0.000000	0.000000	0.000000	0.000000	0.000000	0.000000	1656963764.508360	0.000000
148.000000	-5333.495636	-4346.487419	-3446.149514	-3435.399171	0.000000	0.000000	0.000000	0.000000	0.000000	0.000000	0.000000	0.000000	1656963764.532326	0.000000
148.000000	-5801.355251	-4801.534136	-3880.062056	-3879.218709	0.000000	0.000000	0.000000	0.000000	0.000000	0.000000	0.000000	0.000000	1656963764.532326	0.000000
154.000000	-5648.804731	-4662.997022	-3745.556554	-3730.150037	0.000000	0.000000	0.000000	0.000000	0.000000	0.000000	0.000000	0.000000	1656963764.556339	0.000000
154.000000	-5978.304877	-4986.315113	-4101.131283	-4079.176200	0.000000	0.000000	0.000000	0.000000	0.000000	0.000000	0.000000	0.000000	1656963764.556339	0.000000
155.000000	-6220.403561	-5205.641546	-4312.420670	-4308.798577	0.000000	0.000000	0.000000	0.000000	0.000000	0.000000	0.000000	0.000000	1656963764.580357	0.000000
155.000000	-6528.277735	-5549.055990	-4619.561824	-4601.787950	0.000000	0.000000	0.000000	0.000000	0.000000	0.000000	0.000000	0.000000	1656963764.580357	0.000000
156.000000	-7011.708423	-6026.854388	-4148.354999	-4123.194822	0.000000	0.000000	0.000000	0.000000	0.000000	0.000000	0.000000	0.000000	1656963764.604448	0.000000
156.000000	-7420.228915	-6427.117181	-4555.207496	-4539.430728	0.000000	0.000000	0.000000	0.000000	0.000000	0.000000	0.000000	0.000000	1656963764.604448	0.000000
157.000000	-7697.765021	-6712.439759	-4809.582401	-4795.462409	0.000000	0.000000	0.000000	0.000000	0.000000	0.000000	0.000000	0.000000	1656963764.628319	0.000000
157.000000	-7763.940680	-6782.041167	-4887.523786	-4863.474359	0.000000	0.000000	0.000000	0.000000	0.000000	0.000000	0.000000	0.000000	1656963764.628319	0.000000
164.000000	-7613.181573	-6637.733387	-4747.902101	-4695.306018	0.000000	0.000000	0.000000	0.000000	0.000000	0.000000	0.000000	0.000000	1656963764.652292	0.000000
164.000000	-7935.762904	-6955.998873	-5092.212251	-5039.040223	0.000000	0.000000	0.000000	0.000000	0.000000	0.000000	0.000000	0.000000	1656963764.652292	0.000000
165.000000	-8180.550576	-7188.328938	-5304.103762	-5278.296583	0.000000	0.000000	0.000000	0.000000	0.000000	0.000000	0.000000	0.000000	1656963764.676363	0.000000
165.000000	-8497.183596	-7524.746029	-5622.756328	-5581.155551	0.000000	0.000000	0.000000	0.000000	0.000000	0.000000	0.000000	0.000000	1656963764.676363	0.000000
166.000000	-8970.056546	-7995.019749	-5142.465286	-6061.908471	0.000000	0.000000	0.000000	0.000000	0.000000	0.000000	0.000000	0.000000	1656963764.700333	0.000000
166.000000	-9391.490913	-8399.463750	-5541.090003	-6490.628162	0.000000	0.000000	0.000000	0.000000	0.000000	0.000000	0.000000	0.000000	1656963764.700333	0.000000
167.000000	-9677.142601	-8693.709729	-5807.009979	-6756.536919	0.000000	0.000000	0.000000	0.000000	0.000000	0.000000	0.000000	0.000000	1656963764.724338	0.000000
167.000000	-9718.930373	-8747.539979	-5886.301468	-6814.959766	0.000000	0.000000	0.000000	0.000000	0.000000	0.000000	0.000000	0.000000	1656963764.724338	0.000000
168.000000	-9252.076792	-8270.229637	-5414.713174	-6361.487547	0.000000	0.000000	0.000000	0.000000	0.000000	0.000000	0.000000	0.000000	1656963764.748361	0.000000
168.000000	-9739.092174	-8741.720694	-5873.675566	-6825.962552	0.000000	0.000000	0.000000	0.000000	0.000000	0.000000	0.000000	0.000000	1656963764.748361	0.000000
169.000000	-9576.152213	-8603.976439	-5723.806555	-6656.496465	0.000000	0.000000	0.000000	0.000000	0.000000	0.000000	0.000000	0.000000	1656963764.772316	0.000000
169.000000	-9896.983270	-8918.808697	-6067.417343	-7003.316088	0.000000	0.000000	0.000000	0.000000	0.000000	0.000000	0.000000	0.000000	1656963764.772316	0.000000
170.000000	-10155.907764	-9158.405388	-6286.568001	-7243.406445	0.000000	0.000000	0.000000	0.000000	0.000000	0.000000	0.000000	0.000000	1656963764.796353	0.000000
170.000000	-10456.227340	-9488.472128	-6606.155542	-7544.818072	0.000000	0.000000	0.000000	0.000000	0.000000	0.000000	0.000000	0.000000	1656963764.796353	0.000000
171.000000	-10924.743307	-9954.400085	-6121.126047	-8027.291346	0.000000	0.000000	0.000000	0.000000	0.000000	0.000000	0.000000	0.000000	1656963764.820315	0.000000
171.000000	-11344.532118	-10356.016721	-6520.969971	-8450.389968	0.000000	0.000000	0.000000	0.000000	0.000000	0.000000	0.000000	0.000000	1656963764.820315	0.000000
175.000000	-11599.978504	-10605.026740	-6753.056942	-8704.478771	0.000000	0.000000	0.000000	0.000000	0.000000	0.000000	0.000000	0.000000	1656963764.844305	0.000000
175.000000	-11910.736141	-10932.800922	-7063.784660	-9002.397331	0.000000	0.000000	0.000000	0.000000	0.000000	0.000000	0.000000	0.000000	1656963764.844305	0.000000
176.000000	-12375.231716	-11391.914780	-7549.227414	-9474.230589	0.000000	0.000000	0.000000	0.000000	0.000000	0.000000	0.000000	0.000000	1656963764.868407	0.000000
176.000000	-12800.121750	-11799.242244	-7962.800511	-9904.468680	0.000000	0.000000	0.000000	0.000000	0.000000	0.000000	0.000000	0.000000	1656963764.868407	0.000000
177.000000	-13086.641095	-12103.432617	-8229.786359	-10171.267533	0.000000	0.000000	0.000000	0.000000	0.000000	0.000000	0.000000	0.000000	1656963764.892349	0.000000
177.000000	-13134.536124	-12152.311239	-8303.767190	-10225.939261	0.000000	0.000000	0.000000	0.000000	0.000000	0.000000	0.000000	0.000000	1656963764.892349	0.000000
178.000000	-12656.264628	-11670.920667	-7824.878610	-9762.331912	0.000000	0.000000	0.000000	0.000000	0.000000	0.000000	0.000000	0.000000	1656963764.916331	0.000000
178.000000	-12181.435710	-12157.554579	-8294.522157	-10249.223878	0.000000	0.000000	0.000000	0.000000	0.000000	0.000000	0.000000	0.000000	1656963764.916331	0.000000
179.000000	-12003.106061	-12010.266099	-8148.120033	-10075.090396	0.000000	0.000000	0.000000	0.000000	0.000000	0.000000	0.000000	0.000000	1656963764.940535	0.000000
179.000000	-12311.135441	-12309.252401	-8473.783042	-10401.220892	0.000000	0.000000	0.000000	0.000000	0.000000	0.000000	0.000000	0.000000	1656963764.940535	0.000000
180.000000	-12574.368299	-12565.113917	-8723.481202	-10662.602500	0.000000	0.000000	0.000000	0.000000	0.000000	0.000000	0.000000	0.000000	1656963764.964339	0.000000
180.000000	-12892.987206	-12892.140118	-9027.843610	-10959.630964	0.000000	0.000000	0.000000	0.000000	0.000000	0.000000	0.000000	0.000000	1656963764.964339	0.000000
187.000000	-13188.803942	-13207.538971	-9302.589751	-11241.681129	0.000000	0.000000	0.000000	0.000000	0.000000	0.000000	0.000000	0.000000	1656963764.988531	0.000000
187.000000	-13226.440426	-13247.329637	-9368.383941	-11277.040013	0.000000	0.000000	0.000000	0.000000	0.000000	0.000000	0.000000	0.000000	1656963764.988531	0.000000
188.000000	-12753.083158	-13737.151814	-8895.367004	-10814.805208	0.000000	0.000000	0.000000	0.000000	0.000000	0.000000	0.000000	0.000000	1656963765.012316	0.000000
188.000000	-12277.259427	-13263.949752	-9364.442086	-10327.971211	0.000000	0.000000	0.000000	0.000000	0.000000	0.000000	0.000000	0.000000	1656963765.012316	0.000000
189.000000	-12105.377365	-13103.665120	-9214.692752	-10153.804070	0.000000	0.000000	0.000000	0.000000	0.000000	0.000000	0.000000	0.000000	1656963765.036360	0.000000
189.000000	-12419.749615	-13409.813330	-9551.328627	-10480.140261	0.000000	0.000000	0.000000	0.000000	0.000000	0.000000	0.000000	0.000000	1656963765.036360	0.000000
190.000000	-12680.678695	-13670.622734	-9788.232590	-10743.283361	0.000000	0.000000	0.000000	0.000000	0.000000	0.000000	0.000000	0.000000	1656963765.060312	0.000000
190.000000	-12992.109514	-13990.027019	-10100.830257	-11041.833965	0.000000	0.000000	0.000000	0.000000	0.000000	0.000000	0.000000	0.000000	1656963765.060312	0.000000
